date,temp_max,temp_min,rain_mm,wind_kmh,humidity,pressure,cloud_cover,dew_point,temp_range,heat_index,rain_3day_avg,rain_7day_sum,month,day_of_year,disease
2021-01-01,29.87,20.16,7.95,4.81,57.32,1020.32,68.09,23.29,9.7,41.42,7.95,7.95,1,1,malaria
2021-01-02,25.73,17.4,13.52,2.01,94.69,1011.61,68.93,18.42,8.33,51.57,10.74,21.47,1,2,dengue
2021-01-03,28.79,21.11,3.52,10.21,86.41,996.99,61.14,23.89,7.67,46.15,8.33,24.99,1,3,chikungunya
2021-01-04,36.18,28.1,2.64,2.24,92.69,1009.72,50.83,29.15,8.08,61.2,6.56,27.63,1,4,malaria
2021-01-05,28.0,22.56,9.65,5.12,70.64,996.38,80.43,24.83,5.45,43.73,5.27,37.28,1,5,malaria
2021-01-06,32.11,27.0,13.96,15.95,92.58,1021.32,67.83,30.76,5.11,47.49,8.75,51.24,1,6,malaria
2021-01-07,26.15,20.97,4.57,6.88,88.15,1002.49,42.47,23.6,5.18,46.42,9.39,55.81,1,7,cholera
2021-01-08,26.83,18.02,3.92,19.76,85.89,996.96,20.44,21.47,8.81,37.34,7.48,51.78,1,8,cholera
2021-01-09,34.19,25.82,2.4,13.22,68.24,992.22,44.88,27.79,8.37,43.45,3.63,40.66,1,9,malaria
2021-01-10,34.48,26.66,3.9,10.5,59.78,1014.96,80.86,29.34,7.83,42.86,3.41,41.04,1,10,chikungunya
2021-01-11,28.33,24.09,2.98,5.63,90.83,1006.64,65.06,27.17,4.24,50.36,3.09,41.37,1,11,dengue
2021-01-12,28.24,21.78,6.4,6.12,58.08,1000.14,32.9,25.57,6.46,39.12,4.43,38.13,1,12,dengue
2021-01-13,28.84,24.21,1.18,17.9,67.97,994.27,48.5,27.93,4.63,34.75,3.52,25.34,1,13,dengue
2021-01-14,27.96,21.4,4.17,17.49,55.28,1007.88,53.39,23.07,6.56,29.96,3.91,24.94,1,14,chikungunya
2021-01-15,28.5,23.04,3.35,9.27,57.6,998.89,39.75,26.13,5.46,37.02,2.9,24.37,1,15,chikungunya
2021-01-16,28.91,23.2,3.1,12.97,75.11,991.8,42.29,26.93,5.71,40.62,3.54,25.07,1,16,chikungunya
2021-01-17,33.85,26.66,17.12,3.46,69.79,998.48,84.25,29.07,7.19,50.46,7.86,38.3,1,17,malaria
2021-01-18,37.78,31.39,0.62,16.37,61.03,1007.79,75.67,34.97,6.39,42.46,6.95,35.95,1,18,chikungunya
2021-01-19,27.86,19.6,3.2,18.93,70.9,1008.12,87.02,22.62,8.27,34.01,6.98,32.74,1,19,dengue
2021-01-20,26.48,16.93,10.56,6.64,81.4,1018.6,64.42,19.52,9.55,44.69,4.79,42.13,1,20,malaria
2021-01-21,37.95,28.16,9.96,7.02,83.01,1019.63,88.51,30.37,9.79,56.43,7.91,47.92,1,21,malaria
2021-01-22,36.54,27.44,5.61,16.14,81.76,1010.32,49.78,31.26,9.11,48.23,8.71,50.18,1,22,malaria
2021-01-23,37.66,31.95,4.47,19.9,62.04,990.63,59.51,33.49,5.7,40.2,6.68,51.55,1,23,cholera
2021-01-24,29.76,21.3,0.63,7.55,76.7,1007.81,70.91,23.05,8.47,45.79,3.57,35.05,1,24,malaria
2021-01-25,37.65,31.29,6.15,11.05,78.08,1007.24,35.62,34.46,6.36,51.68,3.75,40.58,1,25,malaria
2021-01-26,28.65,24.5,8.94,5.19,92.62,1023.39,93.19,26.61,4.15,51.58,5.24,46.32,1,26,dengue
2021-01-27,37.39,31.41,13.7,7.5,62.64,999.4,58.82,33.52,5.98,48.81,9.6,49.46,1,27,malaria
2021-01-28,37.17,28.99,2.3,19.82,60.6,1008.14,90.19,32.22,8.18,39.29,8.31,41.79,1,28,dengue
2021-01-29,26.78,18.52,5.62,7.34,71.79,998.97,68.92,19.77,8.25,41.33,7.21,41.8,1,29,chikungunya
2021-01-30,31.52,22.73,12.13,18.02,68.52,1003.15,27.52,25.46,8.79,37.52,6.68,49.46,1,30,malaria
2021-01-31,25.47,18.67,9.89,7.16,78.63,991.07,22.99,22.14,6.79,42.41,9.21,58.72,1,31,cholera
2021-02-01,29.68,24.92,13.81,13.21,58.41,991.81,62.51,27.54,4.76,35.71,11.94,66.37,2,32,cholera
2021-02-02,33.29,24.93,5.51,11.29,67.92,1017.83,41.67,27.25,8.36,43.79,9.74,62.95,2,33,malaria
2021-02-03,26.02,21.87,2.57,4.82,65.01,1009.22,77.17,24.85,4.15,40.1,7.3,51.82,2,34,cholera
2021-02-04,28.64,18.91,14.59,11.98,79.47,1004.69,39.82,20.98,9.73,42.48,7.56,64.11,2,35,cholera
2021-02-05,34.85,30.77,4.14,10.85,73.94,996.06,54.71,32.96,4.09,47.66,7.1,62.63,2,36,malaria
2021-02-06,33.01,25.2,16.32,8.74,80.03,1007.61,88.52,28.17,7.81,49.3,11.68,66.82,2,37,chikungunya
2021-02-07,33.01,23.34,11.05,12.32,60.14,1018.39,85.65,26.22,9.66,40.23,10.5,67.98,2,38,cholera
2021-02-08,35.67,27.76,7.35,6.93,63.58,1003.2,23.12,30.61,7.91,47.8,11.58,61.53,2,39,cholera
2021-02-09,29.38,21.44,13.76,6.69,74.84,1014.25,47.87,25.25,7.93,45.39,10.72,69.78,2,40,cholera
2021-02-10,25.51,19.0,2.08,11.86,71.94,1009.9,66.07,22.2,6.51,36.94,7.73,69.3,2,41,cholera
2021-02-11,26.66,21.16,10.23,6.29,82.19,1015.9,39.06,23.29,5.5,45.38,8.69,64.94,2,42,cholera
2021-02-12,31.95,24.97,5.94,7.36,59.0,991.87,96.68,28.51,6.98,42.27,6.08,66.74,2,43,cholera
2021-02-13,29.61,19.87,4.26,3.5,58.67,1011.09,64.3,21.51,9.74,42.52,6.81,54.69,2,44,cholera
2021-02-14,37.3,28.61,17.66,18.76,93.97,1024.86,24.47,31.82,8.69,51.18,9.29,61.29,2,45,dengue
2021-02-15,29.56,24.86,6.78,3.82,58.36,1014.53,25.82,28.33,4.7,42.15,9.57,60.71,2,46,cholera
2021-02-16,34.18,29.69,3.12,19.76,69.97,1002.97,85.02,33.53,4.49,39.44,9.18,50.07,2,47,malaria
2021-02-17,37.82,29.3,2.7,12.05,71.97,1021.72,28.9,31.78,8.52,49.13,4.2,50.69,2,48,malaria
2021-02-18,25.15,18.34,4.22,4.14,59.7,1012.72,79.68,21.09,6.81,37.95,3.35,44.67,2,49,malaria
2021-02-19,30.2,23.34,5.23,16.44,94.12,1009.46,45.81,24.47,6.87,45.75,4.05,43.96,2,50,malaria
2021-02-20,37.02,27.51,2.39,14.52,58.02,995.82,37.34,29.39,9.51,42.0,3.95,42.09,2,51,dengue
2021-02-21,33.16,25.65,4.58,6.99,62.52,1006.23,48.27,28.4,7.51,44.9,4.07,29.01,2,52,dengue
2021-02-22,37.67,27.75,9.81,11.65,67.38,1018.48,74.78,29.24,9.92,47.75,5.6,32.05,2,53,malaria
2021-02-23,36.84,27.91,1.43,17.59,56.81,990.92,50.12,31.34,8.94,39.28,5.28,30.37,2,54,chikungunya
2021-02-24,26.96,19.39,15.98,19.46,88.68,1019.34,57.5,21.64,7.56,38.6,9.07,43.64,2,55,dengue
2021-02-25,25.18,20.73,6.45,18.44,78.41,1015.41,80.57,22.86,4.45,34.15,7.95,45.87,2,56,dengue
2021-02-26,30.86,26.08,1.35,13.13,69.33,993.97,73.73,28.64,4.77,40.55,7.93,42.0,2,57,malaria
2021-02-27,35.04,27.92,7.37,11.93,77.44,1020.68,52.28,29.32,7.12,48.24,5.06,46.98,2,58,malaria
2021-02-28,25.37,16.84,13.27,4.45,55.58,1002.27,67.19,19.02,8.53,36.6,7.33,55.66,2,59,cholera
2021-03-01,30.69,21.26,9.23,11.25,86.35,1003.88,69.77,24.85,9.42,47.31,9.96,55.08,3,60,malaria
2021-03-02,37.34,32.46,4.94,10.26,94.2,1007.24,46.3,35.36,4.88,57.25,9.15,58.59,3,61,malaria
2021-03-03,28.12,23.67,8.76,4.3,61.08,994.86,71.27,25.21,4.46,41.26,7.64,51.38,3,62,cholera
2021-03-04,29.49,20.11,17.93,5.46,56.63,995.91,42.29,21.64,9.38,40.36,10.55,62.86,3,63,cholera
2021-03-05,26.15,21.43,3.86,5.71,69.57,1007.62,75.23,22.55,4.72,41.11,10.18,65.37,3,64,cholera
2021-03-06,35.39,27.62,9.08,5.32,63.37,1002.97,58.76,30.48,7.77,48.58,10.29,67.07,3,65,cholera
2021-03-07,29.8,23.02,2.96,2.66,65.1,1014.97,91.62,25.56,6.78,45.42,5.3,56.76,3,66,cholera
2021-03-08,31.92,27.27,13.53,6.85,70.09,990.7,45.77,28.91,4.64,46.26,8.52,61.06,3,67,malaria
2021-03-09,29.26,24.54,14.79,10.97,58.48,1008.8,66.95,27.78,4.72,36.87,10.43,70.91,3,68,cholera
2021-03-10,30.61,25.85,9.25,8.54,80.84,1009.98,48.49,29.81,4.77,47.31,12.52,71.4,3,69,malaria
2021-03-11,32.88,27.45,2.88,7.13,61.93,1021.39,26.42,30.03,5.42,44.32,8.97,56.35,3,70,cholera
2021-03-12,30.34,20.44,3.34,9.16,93.78,1020.29,85.37,22.21,9.89,50.87,5.16,55.83,3,71,malaria
2021-03-13,27.22,19.21,5.39,7.04,85.78,996.55,45.89,21.49,8.01,46.6,3.87,52.15,3,72,cholera
2021-03-14,31.6,26.14,8.51,12.99,66.55,1010.34,32.35,28.59,5.45,40.47,5.75,57.7,3,73,malaria
2021-03-15,31.92,27.61,2.35,19.82,67.89,1018.35,40.37,30.66,4.31,36.46,5.42,46.52,3,74,malaria
2021-03-16,34.88,27.31,3.65,9.41,68.95,1022.53,86.45,31.2,7.57,47.05,4.84,35.38,3,75,malaria
2021-03-17,26.62,18.23,5.34,17.15,60.59,1017.83,36.13,19.72,8.39,30.6,3.78,31.48,3,76,dengue
2021-03-18,27.42,22.01,4.42,18.34,67.65,1010.59,74.64,24.36,5.41,32.91,4.47,33.02,3,77,malaria
2021-03-19,36.7,28.95,0.32,8.4,70.66,1008.62,25.33,30.64,7.74,50.14,3.36,29.99,3,78,malaria
2021-03-20,32.06,25.47,13.43,15.15,82.75,995.84,90.29,27.95,6.59,44.76,6.06,38.03,3,79,malaria
2021-03-21,34.64,27.2,9.78,5.68,83.56,1007.29,80.37,28.51,7.44,54.24,7.84,39.3,3,80,malaria
2021-03-22,31.97,25.7,8.34,12.87,75.09,1008.9,58.91,27.93,6.27,43.74,10.52,45.29,3,81,malaria
2021-03-23,35.03,30.96,12.13,12.78,88.07,1023.57,47.4,32.64,4.07,51.15,10.08,53.76,3,82,malaria
2021-03-24,30.51,24.78,17.43,18.41,60.56,993.53,40.48,27.96,5.73,33.6,12.63,65.84,3,83,cholera
2021-03-25,32.71,28.1,3.01,3.39,59.17,1019.42,92.85,29.46,4.61,45.86,10.85,64.43,3,84,cholera
2021-03-26,28.07,23.07,11.93,17.07,68.29,1000.9,38.19,25.9,4.99,34.65,10.79,76.04,3,85,cholera
2021-03-27,29.93,21.47,7.79,4.06,71.58,1020.22,93.84,23.86,8.47,46.71,7.57,70.4,3,86,cholera
2021-03-28,31.25,21.74,2.93,2.59,91.51,998.69,66.21,23.24,9.51,55.64,7.55,63.55,3,87,malaria
2021-03-29,25.44,19.57,2.7,5.83,75.61,1024.14,56.72,22.24,5.87,42.31,4.47,57.91,3,88,cholera
2021-03-30,36.19,28.98,9.39,7.39,67.4,1003.91,54.14,32.38,7.21,49.25,5.01,55.18,3,89,malaria
2021-03-31,29.54,22.73,1.25,12.57,66.76,1014.99,62.21,25.34,6.81,38.77,4.45,39.0,3,90,dengue
2021-04-01,30.21,22.85,13.09,5.27,89.47,1023.11,49.86,24.66,7.36,52.04,7.91,49.09,4,91,malaria
2021-04-02,33.37,26.92,9.57,6.0,64.24,1013.52,21.58,28.23,6.45,46.38,7.97,46.73,4,92,chikungunya
2021-04-03,32.4,23.08,11.72,14.97,87.21,1024.61,68.26,26.5,9.32,46.7,11.46,50.66,4,93,malaria
2021-04-04,37.51,27.85,4.01,3.56,80.33,1015.76,87.85,29.22,9.67,57.53,8.43,51.73,4,94,malaria
2021-04-05,36.39,28.54,1.92,18.39,79.99,1001.76,86.01,30.63,7.86,45.92,5.88,50.95,4,95,malaria
2021-04-06,25.44,16.46,11.14,17.5,63.78,1024.11,82.38,17.8,8.98,30.24,5.69,52.7,4,96,cholera
2021-04-07,32.36,22.44,2.83,5.28,74.39,1007.94,79.33,25.54,9.91,49.21,5.3,54.28,4,97,malaria
2021-04-08,30.23,24.93,2.04,18.21,82.65,1013.91,85.81,27.51,5.31,40.76,5.34,43.22,4,98,malaria
2021-04-09,35.6,28.61,16.17,9.29,74.9,1015.21,28.53,30.03,6.99,49.81,7.01,49.82,4,99,malaria
2021-04-10,28.43,22.83,2.25,10.9,77.93,1019.33,52.35,26.14,5.6,42.52,6.82,40.35,4,100,malaria
2021-04-11,25.61,20.61,9.04,3.49,79.13,998.59,51.14,22.48,5.0,45.28,9.15,45.37,4,101,dengue
2021-04-12,34.38,26.72,4.52,4.43,74.35,999.45,63.19,28.2,7.66,51.81,5.27,47.98,4,102,malaria
2021-04-13,35.94,26.86,7.47,4.78,79.93,1006.6,47.55,28.92,9.08,54.97,7.01,44.31,4,103,malaria
2021-04-14,30.37,22.14,2.16,3.4,55.09,1023.87,20.42,23.45,8.23,42.17,4.72,43.64,4,104,dengue
2021-04-15,26.19,16.69,20.27,19.1,72.84,996.48,63.35,20.31,9.5,32.85,9.97,61.88,4,105,cholera
2021-04-16,34.52,25.68,11.82,6.49,74.58,997.74,99.01,29.51,8.84,50.58,11.42,57.53,4,106,malaria
2021-04-17,25.51,17.28,10.35,5.25,77.72,1022.04,22.72,20.37,8.23,43.48,14.15,65.63,4,107,cholera
2021-04-18,28.87,19.32,10.77,7.74,88.16,991.3,67.7,21.01,9.55,48.54,10.98,67.37,4,108,cholera
2021-04-19,26.57,22.11,4.69,8.12,83.99,992.29,45.22,24.72,4.46,44.6,8.6,67.54,4,109,cholera
2021-04-20,35.28,29.37,9.17,6.19,55.98,1020.45,21.7,32.99,5.91,45.42,8.21,69.24,4,110,cholera
2021-04-21,31.88,22.24,6.18,19.96,69.03,1016.85,52.15,24.68,9.63,36.68,6.68,73.25,4,111,malaria
2021-04-22,33.16,23.92,0.91,6.3,59.42,1002.41,42.98,25.8,9.24,44.36,5.42,53.88,4,112,cholera
2021-04-23,28.04,23.78,0.81,19.78,72.11,1003.45,74.37,25.44,4.25,33.99,2.63,42.88,4,113,malaria
2021-04-24,35.37,29.82,6.14,12.81,91.15,1024.62,79.47,31.01,5.55,52.48,2.62,38.67,4,114,malaria
2021-04-25,30.22,21.19,5.2,16.95,59.81,991.64,50.73,22.3,9.03,34.09,4.05,33.1,4,115,malaria
2021-04-26,35.13,29.03,12.77,4.77,87.63,997.86,37.91,31.64,6.1,56.71,8.03,41.17,4,116,malaria
2021-04-27,32.71,25.23,3.1,17.79,65.62,994.53,91.1,29.09,7.48,37.91,7.02,35.1,4,117,malaria
2021-04-28,36.21,27.35,8.01,9.35,69.91,999.09,77.87,29.84,8.86,48.73,7.96,36.93,4,118,malaria
2021-04-29,26.05,20.73,17.53,3.37,89.05,1007.33,58.45,23.51,5.32,49.08,9.54,53.55,4,119,chikungunya
2021-04-30,32.43,24.45,10.61,11.38,89.73,998.58,32.59,25.94,7.97,50.07,12.05,63.34,4,120,malaria
2021-05-01,29.34,23.91,5.53,3.91,82.96,996.62,90.53,27.79,5.43,49.99,11.22,62.74,5,121,cholera
2021-05-02,31.05,21.78,5.94,12.01,85.27,999.05,35.45,23.03,9.27,46.78,7.36,63.48,5,122,malaria
2021-05-03,29.24,21.88,4.43,8.78,55.36,1018.65,30.28,23.73,7.36,37.37,5.3,55.15,5,123,cholera
2021-05-04,25.24,18.65,3.76,15.57,86.55,996.08,81.67,22.49,6.59,38.91,4.71,55.81,5,124,cholera
2021-05-05,27.16,18.54,10.63,10.52,57.32,992.61,88.19,22.51,8.63,34.71,6.27,58.43,5,125,cholera
2021-05-06,33.79,27.11,10.61,3.18,87.86,1003.01,85.5,28.87,6.68,56.56,8.33,51.52,5,126,malaria
2021-05-07,25.01,20.06,15.1,19.0,59.09,1019.9,62.16,23.54,4.95,27.21,12.11,56.01,5,127,cholera
2021-05-08,28.88,19.84,2.69,17.62,93.53,991.1,78.5,23.57,9.04,43.41,9.47,53.17,5,128,cholera
2021-05-09,36.15,26.36,8.4,9.96,67.48,1001.23,77.95,29.6,9.79,47.44,8.73,55.62,5,129,malaria
2021-05-10,27.6,18.4,7.21,11.78,61.37,997.13,27.29,19.86,9.21,35.61,6.1,58.4,5,130,cholera
2021-05-11,30.9,23.72,15.06,16.34,66.77,1021.91,97.4,25.27,7.18,37.49,10.22,69.7,5,131,malaria
2021-05-12,31.01,27.0,14.41,12.05,64.02,995.63,72.12,28.98,4.01,39.7,12.23,73.48,5,132,cholera
2021-05-13,32.67,26.07,4.55,9.12,93.99,1015.27,72.56,29.35,6.6,53.31,11.34,67.42,5,133,malaria
2021-05-14,37.38,27.94,1.68,15.48,60.84,993.6,65.67,28.99,9.45,42.62,6.88,54.01,5,134,cholera
2021-05-15,31.27,26.01,11.13,3.3,76.37,1020.89,26.6,29.48,5.26,50.16,5.79,62.44,5,135,malaria
2021-05-16,29.65,23.72,2.85,5.62,82.73,1018.75,23.29,26.73,5.93,49.02,5.22,56.9,5,136,cholera
2021-05-17,37.37,32.62,5.86,13.03,66.95,1022.73,95.79,35.5,4.75,46.34,6.61,55.55,5,137,malaria
2021-05-18,35.18,27.51,9.24,13.89,77.12,1010.91,82.71,29.95,7.67,46.91,5.99,49.73,5,138,malaria
2021-05-19,25.53,20.55,14.78,13.71,74.17,1011.55,46.32,22.96,4.98,36.41,9.96,50.1,5,139,cholera
2021-05-20,34.68,25.44,3.42,2.79,61.47,990.73,72.26,27.44,9.23,49.01,9.15,48.97,5,140,dengue
2021-05-21,31.41,26.92,1.35,5.66,88.62,996.1,96.86,29.17,4.49,52.69,6.52,48.64,5,141,malaria
2021-05-22,36.0,28.23,3.38,15.82,75.19,1009.02,61.12,30.99,7.77,45.74,2.72,40.89,5,142,malaria
2021-05-23,25.38,19.01,13.42,13.79,94.69,999.93,48.73,21.16,6.37,42.98,6.05,51.46,5,143,cholera
2021-05-24,31.06,22.04,14.42,15.97,71.21,1011.06,70.6,24.16,9.02,39.38,10.41,60.02,5,144,malaria
2021-05-25,31.66,25.19,4.6,9.29,78.72,1010.28,73.01,26.47,6.48,47.14,10.81,55.38,5,145,malaria
2021-05-26,33.48,27.6,2.66,17.44,55.36,1010.59,67.9,29.79,5.87,35.54,7.23,43.25,5,146,chikungunya
2021-05-27,30.9,25.48,6.05,6.48,79.69,1014.74,33.36,26.99,5.42,48.66,4.43,45.88,5,147,malaria
2021-05-28,25.48,17.06,3.85,16.5,78.41,1020.39,36.47,18.39,8.42,35.8,4.19,48.38,5,148,malaria
2021-05-29,37.83,33.09,18.13,2.93,80.6,997.86,34.4,34.35,4.74,58.37,9.34,63.13,5,149,dengue
2021-05-30,31.59,27.34,5.56,10.19,75.62,1007.11,73.35,28.76,4.25,45.42,9.18,55.27,5,150,malaria
2021-05-31,25.39,19.54,6.97,5.63,81.94,1023.95,27.51,22.56,5.85,44.49,10.22,47.81,5,151,malaria
2021-06-01,36.29,31.22,9.18,14.3,74.89,1011.62,89.51,33.93,5.06,46.99,7.24,52.4,6,152,malaria
2021-06-02,25.4,15.81,7.18,14.18,63.63,1013.06,51.51,18.76,9.59,32.47,7.77,56.92,6,153,cholera
2021-06-03,26.39,18.44,4.76,16.08,77.68,1015.85,90.28,20.65,7.95,36.76,7.04,55.62,6,154,cholera
2021-06-04,29.25,21.25,6.38,15.72,86.91,1005.25,85.43,22.61,8.01,42.93,6.11,58.15,6,155,cholera
2021-06-05,32.08,28.04,1.84,14.52,70.54,1005.7,39.0,30.16,4.03,41.19,4.33,41.87,6,156,malaria
2021-06-06,27.95,23.52,1.24,14.03,79.78,1006.22,50.38,27.11,4.44,40.46,3.16,37.55,6,157,malaria
2021-06-07,31.23,27.08,1.72,12.44,76.34,1011.28,81.19,30.51,4.15,43.71,1.6,32.31,6,158,malaria
2021-06-08,34.34,24.6,1.1,5.52,55.3,1012.66,91.84,26.33,9.73,44.72,1.36,24.23,6,159,chikungunya
2021-06-09,29.94,24.76,1.31,13.11,75.92,1013.45,94.37,27.35,5.18,41.82,1.38,18.36,6,160,malaria
2021-06-10,32.93,24.64,4.64,9.44,59.88,996.34,74.49,26.18,8.3,42.08,2.35,18.24,6,161,dengue
2021-06-11,27.4,21.63,3.11,9.64,58.48,1018.55,49.88,24.21,5.77,35.95,3.02,14.97,6,162,chikungunya
2021-06-12,37.37,29.76,7.34,17.92,64.12,997.42,68.88,31.99,7.61,41.99,5.03,20.46,6,163,dengue
2021-06-13,36.78,28.16,0.99,15.18,89.05,1013.5,84.76,31.46,8.62,51.54,3.81,20.21,6,164,malaria
2021-06-14,26.95,20.4,6.6,6.23,89.77,1006.55,62.83,21.94,6.54,48.21,4.97,25.08,6,165,dengue
2021-06-15,33.35,25.7,1.1,12.7,74.87,1024.57,30.92,28.79,7.64,45.16,2.89,25.08,6,166,malaria
2021-06-16,30.26,23.69,6.11,14.46,94.65,994.49,28.33,26.86,6.57,47.37,4.6,29.88,6,167,malaria
2021-06-17,32.52,26.87,1.83,3.25,75.76,992.37,84.03,28.58,5.64,51.25,3.01,27.07,6,168,malaria
2021-06-18,32.02,22.74,2.72,11.59,67.97,1001.66,73.56,26.72,9.28,42.34,3.55,26.68,6,169,malaria
2021-06-19,33.6,26.26,4.06,12.12,93.31,996.14,75.2,27.86,7.35,51.91,2.87,23.4,6,170,malaria
2021-06-20,31.97,27.39,15.11,15.61,68.9,1013.27,83.64,31.17,4.58,39.78,7.3,37.53,6,171,malaria
2021-06-21,28.05,21.65,5.29,11.38,79.94,993.12,80.42,23.04,6.4,42.47,8.15,36.22,6,172,malaria
2021-06-22,27.07,22.69,8.67,6.09,68.67,1003.33,47.71,24.41,4.38,41.47,9.69,43.79,6,173,dengue
2021-06-23,28.97,22.59,18.86,18.55,74.88,1024.73,88.11,24.22,6.38,36.7,10.94,56.54,6,174,cholera
2021-06-24,37.1,32.4,1.77,8.85,90.12,1020.38,84.47,35.77,4.7,56.64,9.77,56.48,6,175,malaria
2021-06-25,28.96,24.48,1.67,8.23,94.02,1012.43,85.8,25.87,4.49,50.23,7.43,55.43,6,176,cholera
2021-06-26,36.21,26.67,3.75,12.91,85.59,996.12,60.21,28.87,9.54,51.41,2.4,55.12,6,177,malaria
2021-06-27,26.9,20.7,7.24,7.61,75.25,1005.38,28.45,23.62,6.21,42.41,4.22,47.25,6,178,dengue
2021-06-28,25.23,17.61,5.21,8.96,77.58,996.71,36.94,20.07,7.62,40.56,5.4,47.17,6,179,malaria
2021-06-29,25.75,17.58,2.98,3.12,75.38,1024.88,85.12,20.43,8.17,44.44,5.14,41.48,6,180,dengue
2021-06-30,33.11,25.95,3.92,4.35,90.46,1005.74,35.57,28.05,7.16,55.92,4.04,26.54,6,181,malaria
2021-07-01,30.38,21.42,9.23,9.49,74.25,990.67,40.79,24.7,8.97,44.24,5.38,34.0,7,182,malaria
2021-07-02,26.78,19.57,8.57,2.22,64.65,1024.16,84.12,23.45,7.21,42.56,7.24,40.9,7,183,dengue
2021-07-03,26.43,19.14,11.21,10.79,61.0,1001.36,78.99,21.57,7.29,35.01,9.67,48.36,7,184,dengue
2021-07-04,32.98,23.83,4.41,19.21,60.33,993.58,72.7,27.65,9.16,35.44,8.07,45.54,7,185,malaria
2021-07-05,30.69,25.16,4.67,13.87,90.8,1012.28,69.11,26.36,5.53,46.95,6.76,44.99,7,186,malaria
2021-07-06,31.74,26.84,9.48,11.22,82.21,991.46,26.78,29.99,4.9,47.01,6.19,51.5,7,187,malaria
2021-07-07,25.94,21.51,2.49,8.29,85.99,1013.15,34.82,23.03,4.43,44.51,5.55,50.07,7,188,cholera
2021-07-08,26.28,18.32,11.91,6.77,55.84,992.88,97.43,20.2,7.96,35.97,7.96,52.74,7,189,cholera
2021-07-09,35.0,27.25,1.55,13.07,85.99,1012.54,62.42,28.38,7.75,50.23,5.32,45.72,7,190,malaria
2021-07-10,37.59,28.8,3.3,19.64,79.08,1010.38,79.85,32.23,8.79,45.94,5.58,37.8,7,191,malaria
2021-07-11,33.53,28.77,7.48,8.7,72.28,1005.38,69.04,32.59,4.77,47.3,4.11,40.87,7,192,malaria
2021-07-12,28.13,23.4,4.23,17.96,80.83,1000.01,85.28,26.98,4.73,38.23,5.0,40.44,7,193,dengue
2021-07-13,28.36,21.1,1.57,15.47,77.31,996.32,24.31,23.06,7.26,39.05,4.43,32.52,7,194,malaria
2021-07-14,37.8,28.18,7.73,4.97,60.27,1015.41,85.42,29.82,9.62,50.21,4.51,37.76,7,195,chikungunya
2021-07-15,26.96,20.9,13.19,13.01,59.24,995.3,27.5,23.64,6.05,33.4,7.5,39.04,7,196,dengue
2021-07-16,34.89,29.93,3.32,2.17,64.87,1015.43,99.34,31.23,4.96,50.78,8.08,40.81,7,197,malaria
2021-07-17,33.55,27.68,8.55,14.38,70.01,1008.85,61.93,31.23,5.87,42.58,8.35,46.07,7,198,malaria
2021-07-18,35.92,26.92,7.62,15.49,85.35,1013.74,80.5,30.45,9.0,49.24,6.5,46.21,7,199,malaria
2021-07-19,31.11,24.1,3.97,16.05,63.69,994.82,73.04,25.11,7.01,36.9,6.71,45.94,7,200,chikungunya
2021-07-20,25.04,17.32,2.17,16.3,58.72,1010.59,58.48,20.25,7.72,29.01,4.58,46.54,7,201,dengue
2021-07-21,32.54,25.17,17.99,16.49,65.79,1018.88,59.86,26.4,7.37,38.71,8.04,56.8,7,202,malaria
2021-07-22,25.76,19.76,11.29,14.74,86.54,1008.1,55.22,21.2,6.01,40.0,10.48,54.9,7,203,cholera
2021-07-23,29.27,22.66,4.69,15.24,94.93,1022.66,71.41,24.93,6.6,45.93,11.32,56.28,7,204,cholera
2021-07-24,33.27,24.56,4.54,9.38,88.59,1003.43,65.75,27.32,8.71,51.94,6.84,52.26,7,205,malaria
2021-07-25,27.4,21.22,5.57,18.93,65.37,1005.04,89.82,24.75,6.17,31.72,4.93,50.21,7,206,cholera
2021-07-26,27.42,18.6,0.8,10.69,60.34,992.82,78.24,21.09,8.82,35.85,3.64,47.05,7,207,dengue
2021-07-27,35.14,31.1,4.01,10.5,55.54,999.9,23.57,32.21,4.04,42.12,3.46,48.89,7,208,chikungunya
2021-07-28,28.21,18.77,2.04,6.9,85.38,1005.74,82.14,19.97,9.44,47.56,2.29,32.94,7,209,dengue
2021-07-29,36.09,31.81,10.29,7.67,85.87,993.02,38.94,35.01,4.28,55.06,5.45,31.94,7,210,malaria
2021-07-30,32.13,27.36,17.73,9.08,88.11,1017.57,69.95,29.84,4.77,50.85,10.02,44.99,7,211,dengue
2021-07-31,28.33,20.41,6.23,19.5,79.34,1002.23,29.13,21.86,7.93,36.87,11.42,46.67,7,212,chikungunya
2021-08-01,28.26,19.16,1.37,11.42,59.59,1020.1,77.83,20.36,9.1,35.93,8.44,42.47,8,213,malaria
2021-08-02,32.13,24.46,7.45,4.54,81.57,997.56,27.81,28.04,7.68,51.88,5.02,49.12,8,214,malaria
2021-08-03,30.98,22.49,3.5,16.17,59.48,1002.46,98.24,25.87,8.5,35.29,4.11,48.61,8,215,dengue
2021-08-04,27.62,22.07,3.35,11.35,63.2,1020.72,90.37,25.68,5.55,36.53,4.77,49.92,8,216,chikungunya
2021-08-05,37.31,29.95,2.14,12.04,77.1,993.3,47.49,31.79,7.36,50.32,3.0,41.78,8,217,malaria
2021-08-06,30.08,21.29,2.49,3.68,72.64,996.85,34.94,22.57,8.79,47.47,2.66,26.53,8,218,malaria
2021-08-07,29.64,21.09,0.46,7.62,80.71,996.85,91.76,23.65,8.54,46.93,1.7,20.76,8,219,malaria
2021-08-08,35.31,29.41,3.81,18.09,81.17,995.32,55.23,32.26,5.9,45.43,2.25,23.2,8,220,malaria
2021-08-09,26.09,16.79,3.59,11.09,93.69,1004.62,98.73,19.79,9.29,45.24,2.62,19.34,8,221,dengue
2021-08-10,29.2,19.22,6.67,2.53,87.92,997.34,50.32,23.14,9.98,52.44,4.69,22.51,8,222,dengue
2021-08-11,28.85,19.35,2.57,15.67,94.52,1021.55,72.13,21.29,9.51,45.08,4.28,21.73,8,223,malaria
2021-08-12,35.65,26.37,0.98,3.57,83.76,1004.7,92.43,29.59,9.28,56.79,3.4,20.56,8,224,malaria
2021-08-13,27.49,19.8,5.65,12.39,84.52,1018.22,87.5,21.57,7.68,42.71,3.07,23.73,8,225,dengue
2021-08-14,26.64,18.58,11.2,5.15,89.23,997.95,86.96,20.42,8.06,48.48,5.94,34.47,8,226,chikungunya
2021-08-15,29.42,20.23,1.79,8.49,57.74,1016.71,52.66,23.5,9.2,38.54,6.22,32.45,8,227,dengue
2021-08-16,34.96,26.23,1.62,14.07,77.42,993.88,55.76,28.61,8.73,46.66,4.87,30.48,8,228,malaria
2021-08-17,36.24,28.96,8.98,19.58,59.43,1004.79,23.36,32.18,7.28,38.14,4.13,32.79,8,229,malaria
2021-08-18,37.56,32.8,7.4,19.67,79.85,1009.57,70.26,35.39,4.76,46.14,6.0,37.62,8,230,malaria
2021-08-19,33.26,26.56,9.27,4.16,57.73,999.22,23.69,29.26,6.7,45.39,8.55,45.91,8,231,dengue
2021-08-20,35.72,31.27,8.48,3.16,90.09,1020.7,46.43,33.29,4.45,59.24,8.38,48.74,8,232,malaria
2021-08-21,37.86,30.1,2.29,17.09,66.41,1005.02,41.42,33.47,7.76,43.81,6.68,39.83,8,233,malaria
2021-08-22,32.45,24.5,2.48,15.28,76.01,991.14,89.48,25.69,7.95,42.84,4.42,40.52,8,234,malaria
2021-08-23,37.43,33.27,2.71,3.48,91.43,1006.26,31.0,35.3,4.15,61.16,2.49,41.61,8,235,malaria
2021-08-24,27.14,22.12,4.71,13.51,82.06,994.61,38.73,25.48,5.02,40.76,3.3,37.33,8,236,chikungunya
2021-08-25,33.48,23.78,7.88,15.38,75.25,1012.19,25.67,25.54,9.7,43.54,5.1,37.82,8,237,malaria
2021-08-26,29.7,22.87,4.19,12.99,66.23,997.24,61.33,23.89,6.83,38.46,5.59,32.74,8,238,malaria
2021-08-27,25.64,16.64,3.89,5.93,70.87,991.55,42.23,20.09,9.0,40.88,5.32,28.16,8,239,dengue
2021-08-28,33.02,28.34,0.77,11.13,89.97,1007.27,76.18,32.32,4.68,50.92,2.95,26.64,8,240,malaria
2021-08-29,26.71,21.06,1.34,18.34,83.56,1011.28,44.75,24.53,5.65,37.45,2.0,25.5,8,241,chikungunya
2021-08-30,37.4,29.07,0.7,2.04,83.7,1019.04,23.24,32.69,8.33,59.6,0.94,23.49,8,242,malaria
2021-08-31,28.34,20.35,7.64,12.73,76.98,1021.51,52.34,22.31,7.99,40.83,3.23,26.42,8,243,dengue
2021-09-01,37.24,29.23,10.49,8.51,78.75,990.35,70.89,32.97,8.01,53.27,6.28,29.04,9,244,malaria
2021-09-02,32.96,23.72,2.98,3.2,76.36,994.97,20.94,25.99,9.24,51.92,7.04,27.82,9,245,malaria
2021-09-03,28.84,21.92,6.53,2.79,59.92,1009.55,47.45,25.11,6.92,42.66,6.67,30.47,9,246,dengue
2021-09-04,25.88,19.55,3.94,11.77,89.47,1010.66,38.1,21.7,6.32,43.17,4.49,33.63,9,247,chikungunya
2021-09-05,36.15,26.65,10.48,7.74,78.29,1002.99,68.09,29.77,9.5,52.57,6.98,42.78,9,248,malaria
2021-09-06,33.95,27.7,4.08,18.02,68.84,995.41,22.04,30.64,6.25,40.05,6.17,46.15,9,249,malaria
2021-09-07,33.28,27.24,1.62,9.37,67.45,1013.7,68.46,29.33,6.04,44.98,5.39,40.13,9,250,malaria
2021-09-08,27.83,17.9,16.48,10.74,56.1,1007.69,97.12,20.06,9.93,34.83,7.39,46.12,9,251,chikungunya
2021-09-09,27.72,18.16,3.42,9.12,67.53,995.15,59.03,19.55,9.55,39.62,7.17,46.55,9,252,malaria
2021-09-10,26.51,16.77,8.21,16.88,94.36,1000.09,96.89,18.94,9.74,41.83,9.37,48.23,9,253,dengue
2021-09-11,37.62,28.98,3.82,10.6,76.29,995.89,39.75,32.49,8.64,51.37,5.15,48.11,9,254,malaria
2021-09-12,29.63,20.67,2.35,14.19,64.4,1019.07,63.59,22.17,8.96,36.95,4.79,39.98,9,255,chikungunya
2021-09-13,26.81,20.15,7.48,10.8,71.07,1024.78,90.43,23.02,6.66,38.7,4.55,43.38,9,256,dengue
2021-09-14,35.3,28.53,2.77,14.8,91.28,994.63,67.44,31.33,6.77,51.07,4.2,44.53,9,257,malaria
2021-09-15,29.59,22.84,6.98,15.43,76.97,992.02,74.46,25.24,6.75,40.2,5.74,35.02,9,258,malaria
2021-09-16,37.27,32.38,6.61,17.54,78.55,1003.14,42.86,33.99,4.89,46.91,5.45,38.21,9,259,malaria
2021-09-17,34.9,28.58,4.89,10.86,78.09,1020.3,98.46,30.81,6.32,49.07,6.16,34.89,9,260,malaria
2021-09-18,35.76,27.17,7.48,3.97,89.16,1005.37,87.76,30.85,8.59,58.4,6.32,38.55,9,261,malaria
2021-09-19,25.81,16.51,5.36,11.19,80.06,1022.42,21.53,18.94,9.3,40.4,5.91,41.55,9,262,dengue
2021-09-20,25.4,16.16,19.66,16.76,68.34,1015.66,62.29,19.55,9.23,32.22,10.83,53.73,9,263,cholera
2021-09-21,37.88,32.67,7.0,3.62,55.09,991.55,47.34,35.57,5.2,49.53,10.67,57.96,9,264,cholera
2021-09-22,25.9,21.86,5.73,3.88,70.96,1015.31,42.43,24.93,4.03,42.6,10.8,56.72,9,265,cholera
2021-09-23,25.32,19.48,5.58,13.38,78.08,1014.42,20.49,20.78,5.84,37.72,6.11,55.69,9,266,cholera
2021-09-24,36.3,28.21,4.49,14.78,81.67,997.39,89.07,30.41,8.09,48.9,5.27,55.3,9,267,malaria
2021-09-25,28.8,23.89,0.99,2.4,78.33,1019.48,63.92,25.55,4.91,48.97,3.69,48.81,9,268,dengue
2021-09-26,32.85,26.7,2.37,11.06,72.97,1010.51,69.98,27.91,6.15,45.19,2.61,45.82,9,269,malaria
2021-09-27,33.87,28.42,6.41,16.81,87.16,1009.34,61.61,29.85,5.45,46.87,3.26,32.57,9,270,malaria
2021-09-28,35.08,29.45,0.73,13.33,57.17,1016.2,45.41,30.45,5.63,40.61,3.17,26.3,9,271,malaria
2021-09-29,35.18,26.89,4.89,18.12,78.33,1006.34,47.23,30.71,8.29,44.34,4.01,25.46,9,272,malaria
2021-09-30,26.08,16.49,4.37,17.6,77.87,1021.75,95.44,18.76,9.59,35.45,3.33,24.25,9,273,malaria
2021-10-01,29.91,20.12,5.6,14.37,74.75,1003.57,70.62,23.23,9.78,40.52,4.96,25.36,10,274,malaria
2021-10-02,26.81,21.28,4.38,4.33,82.04,1023.04,41.52,23.71,5.53,46.85,4.78,28.75,10,275,chikungunya
2021-10-03,33.37,29.08,5.81,19.22,75.02,1005.15,56.62,30.71,4.29,40.67,5.26,32.2,10,276,malaria
2021-10-04,29.79,23.57,11.47,5.82,81.29,1006.53,90.41,25.22,6.22,48.55,7.22,37.26,10,277,dengue
2021-10-05,34.8,30.59,3.86,18.75,60.03,1015.8,97.97,31.74,4.22,37.48,7.05,40.39,10,278,malaria
2021-10-06,27.59,18.25,2.31,4.01,75.63,999.37,86.84,19.29,9.34,45.74,5.88,37.8,10,279,dengue
2021-10-07,36.84,27.81,1.28,19.08,56.26,1015.77,46.42,31.53,9.03,38.05,2.48,34.71,10,280,dengue
2021-10-08,31.03,21.25,17.59,15.93,85.92,1008.25,98.08,22.63,9.78,44.23,7.06,46.71,10,281,dengue
2021-10-09,25.99,19.7,5.89,5.27,72.42,1001.62,47.34,22.91,6.3,42.2,8.25,48.22,10,282,chikungunya
2021-10-10,29.53,23.29,5.67,2.42,90.94,1017.41,82.43,25.67,6.23,53.84,9.72,48.07,10,283,malaria
2021-10-11,26.98,17.58,5.2,18.87,79.13,1006.57,24.78,20.6,9.4,35.88,5.58,41.8,10,284,malaria
2021-10-12,37.87,32.44,18.58,12.1,86.08,997.17,78.05,35.3,5.43,53.81,9.82,56.52,10,285,dengue
2021-10-13,33.09,24.4,6.87,4.65,87.44,1012.26,51.05,27.43,8.69,54.7,10.22,61.08,10,286,malaria
2021-10-14,28.38,22.31,4.15,18.02,83.31,992.18,31.78,23.33,6.07,39.25,9.87,63.95,10,287,cholera
2021-10-15,33.2,26.52,7.03,19.24,76.19,998.47,60.05,29.55,6.69,40.87,6.02,53.39,10,288,malaria
2021-10-16,25.99,20.34,4.33,9.79,56.76,995.8,55.64,21.97,5.65,33.87,5.17,51.83,10,289,cholera
2021-10-17,25.65,16.59,12.42,16.28,89.15,998.47,96.85,18.18,9.06,39.68,7.93,58.59,10,290,cholera
2021-10-18,37.37,27.4,1.01,12.68,57.92,1011.78,98.49,28.97,9.97,43.6,5.92,54.41,10,291,cholera
2021-10-19,35.3,25.86,7.01,19.28,75.86,1024.21,80.58,27.34,9.45,42.84,6.82,42.83,10,292,malaria
2021-10-20,31.2,22.89,8.34,4.93,77.6,1017.01,59.91,23.93,8.31,49.36,5.45,44.3,10,293,malaria
2021-10-21,25.12,18.98,1.48,6.12,80.37,997.77,45.73,22.52,6.14,43.36,5.61,41.63,10,294,chikungunya
2021-10-22,28.3,22.82,9.26,18.22,61.15,1024.65,96.39,25.31,5.47,31.72,6.36,43.86,10,295,dengue
2021-10-23,34.89,28.66,4.2,15.58,91.74,1023.28,66.17,30.73,6.23,50.26,4.98,43.73,10,296,malaria
2021-10-24,35.24,29.73,0.59,6.33,62.66,1022.14,28.14,32.25,5.51,47.49,4.69,31.9,10,297,chikungunya
2021-10-25,34.77,29.4,9.31,4.67,82.18,997.87,54.51,32.56,5.37,54.63,4.7,40.2,10,298,malaria
2021-10-26,32.32,25.76,9.51,9.74,91.15,1019.6,52.08,29.05,6.57,51.58,6.47,42.7,10,299,malaria
2021-10-27,35.7,26.37,3.38,5.68,65.21,1000.35,67.5,27.47,9.33,49.24,7.4,37.75,10,300,malaria
2021-10-28,33.27,27.08,8.11,3.71,88.07,991.67,78.14,30.4,6.19,55.73,7.0,44.38,10,301,malaria
2021-10-29,29.58,20.64,3.71,10.34,56.82,1000.15,94.48,22.81,8.95,37.1,5.07,38.83,10,302,dengue
2021-10-30,34.95,30.95,8.18,19.52,64.05,1000.65,44.32,32.64,4.0,38.43,6.67,42.8,10,303,chikungunya
2021-10-31,25.67,20.53,0.2,15.17,80.63,1004.56,80.73,23.36,5.15,37.66,4.03,42.41,10,304,malaria
2021-11-01,29.23,20.95,3.41,18.23,87.27,1024.47,80.34,23.13,8.28,41.26,3.93,36.5,11,305,dengue
2021-11-02,26.94,20.66,7.01,15.57,55.83,999.42,61.41,22.47,6.28,30.47,3.54,34.0,11,306,malaria
2021-11-03,31.26,25.09,5.58,12.08,86.23,1014.8,33.77,29.01,6.17,47.26,5.33,36.2,11,307,malaria
2021-11-04,30.83,25.88,7.16,3.77,87.14,994.27,30.01,29.43,4.95,52.95,6.58,35.24,11,308,malaria
2021-11-05,29.48,25.29,7.92,4.14,85.59,1013.49,54.83,27.94,4.19,50.83,6.89,39.45,11,309,dengue
2021-11-06,29.95,24.97,1.81,15.22,70.37,990.88,87.12,26.0,4.98,38.52,5.63,33.08,11,310,malaria
2021-11-07,33.01,23.95,5.53,14.71,76.37,1008.93,54.37,25.87,9.06,43.91,5.09,38.41,11,311,malaria
2021-11-08,31.27,26.56,2.26,14.86,93.1,997.94,90.35,29.98,4.71,47.59,3.2,37.27,11,312,malaria
2021-11-09,33.8,26.05,9.76,3.28,67.51,1022.74,88.05,30.0,7.75,49.79,5.85,40.02,11,313,malaria
2021-11-10,33.16,27.68,3.13,5.36,55.79,1003.67,35.31,29.91,5.49,43.82,5.05,37.56,11,314,malaria
2021-11-11,29.34,20.95,2.79,7.14,72.31,1013.99,46.6,22.12,8.4,44.2,5.23,33.2,11,315,chikungunya
2021-11-12,29.96,20.07,4.44,15.2,59.65,1017.33,82.82,22.87,9.89,35.0,3.45,29.71,11,316,dengue
2021-11-13,29.23,19.58,6.74,11.86,94.16,1009.44,35.19,22.33,9.65,48.0,4.65,34.64,11,317,dengue
2021-11-14,29.5,23.12,4.84,5.7,74.32,999.4,43.0,26.09,6.39,46.04,5.34,33.95,11,318,malaria
2021-11-15,26.87,19.3,4.56,10.24,58.68,1009.37,71.33,22.41,7.57,35.07,5.38,36.25,11,319,malaria
2021-11-16,28.26,20.21,2.69,12.98,67.52,999.49,67.81,23.8,8.06,37.46,4.03,29.18,11,320,dengue
2021-11-17,26.52,19.83,1.47,2.12,85.89,1011.88,49.88,20.98,6.69,49.38,2.91,27.52,11,321,dengue
2021-11-18,25.2,17.7,7.23,10.1,93.3,1003.97,87.18,19.27,7.5,44.92,3.8,31.97,11,322,malaria
2021-11-19,37.7,33.09,4.91,15.47,91.58,1005.19,40.7,35.39,4.61,53.09,4.54,32.44,11,323,malaria
2021-11-20,34.4,30.35,4.35,13.04,80.51,998.47,77.12,31.62,4.05,47.84,5.5,30.06,11,324,malaria
2021-11-21,27.59,18.33,2.54,6.46,57.5,1006.06,78.62,21.15,9.26,38.05,3.93,27.76,11,325,chikungunya
2021-11-22,32.73,26.5,2.77,17.93,70.33,1007.27,42.66,29.86,6.23,39.39,3.22,25.97,11,326,malaria
2021-11-23,30.17,23.09,9.82,5.71,86.99,1001.68,89.22,26.83,7.08,50.87,5.04,33.1,11,327,malaria
2021-11-24,36.18,31.97,2.61,9.4,89.95,1012.33,86.69,34.47,4.21,55.28,5.07,34.24,11,328,malaria
2021-11-25,31.96,27.09,3.62,16.13,78.95,997.04,67.22,29.31,4.87,42.72,5.35,30.63,11,329,malaria
2021-11-26,31.1,26.93,12.59,7.06,83.52,990.4,52.7,30.71,4.17,49.72,6.27,38.31,11,330,malaria
2021-11-27,26.45,19.36,9.1,10.03,87.23,990.28,93.96,21.69,7.1,44.22,8.44,43.06,11,331,malaria
2021-11-28,31.96,25.82,9.7,16.91,86.57,1000.77,93.1,29.68,6.14,44.69,10.47,50.23,11,332,malaria
2021-11-29,29.25,23.12,8.27,3.85,70.71,1009.37,60.25,24.7,6.13,45.89,9.03,55.72,11,333,cholera
2021-11-30,36.16,28.1,5.04,17.46,84.93,1005.37,68.84,29.58,8.06,47.97,7.67,50.94,11,334,malaria
2021-12-01,33.76,28.68,1.96,4.98,55.08,1015.16,78.59,31.23,5.08,44.45,5.09,50.29,12,335,cholera
2021-12-02,27.1,22.6,8.47,4.98,90.63,998.45,48.34,23.91,4.5,49.52,5.16,55.14,12,336,cholera
2021-12-03,27.89,20.78,1.27,9.04,64.37,997.68,96.79,23.62,7.12,38.81,3.9,43.82,12,337,dengue
2021-12-04,30.39,21.87,7.7,14.22,71.47,1016.38,36.29,23.85,8.52,40.02,5.82,42.42,12,338,malaria
2021-12-05,32.11,24.65,4.84,9.9,94.22,1007.93,29.14,27.95,7.45,52.27,4.6,37.55,12,339,malaria
2021-12-06,33.83,25.19,7.38,14.12,71.32,1021.0,37.75,28.33,8.64,43.48,6.64,36.66,12,340,malaria
2021-12-07,36.46,28.07,12.15,15.55,73.6,1020.6,36.27,29.45,8.39,45.87,8.12,43.78,12,341,malaria
2021-12-08,28.71,21.52,12.13,10.72,55.53,1004.34,71.82,22.57,7.19,35.54,10.56,53.95,12,342,cholera
2021-12-09,28.65,23.4,5.17,10.63,62.27,1016.01,87.83,26.04,5.25,37.76,9.82,50.66,12,343,cholera
2021-12-10,37.76,31.06,6.22,18.97,56.71,1005.62,25.6,34.25,6.7,39.2,7.84,55.6,12,344,cholera
2021-12-11,32.91,24.67,5.03,8.65,56.81,1002.25,94.34,26.81,8.24,41.6,5.47,52.93,12,345,cholera
2021-12-12,35.81,26.75,12.95,3.87,56.95,1010.34,54.09,29.4,9.05,47.89,8.07,61.05,12,346,cholera
2021-12-13,31.77,25.67,1.32,15.65,55.59,997.25,77.06,27.83,6.1,35.16,6.43,54.98,12,347,cholera
2021-12-14,33.61,27.53,1.84,12.9,72.33,1017.1,88.21,30.16,6.08,44.45,5.37,44.67,12,348,malaria
2021-12-15,34.86,29.02,3.76,14.83,70.45,1010.6,34.83,31.82,5.84,43.72,2.3,36.29,12,349,malaria
2021-12-16,36.2,26.99,9.61,12.52,60.35,1005.54,56.06,30.86,9.21,43.35,5.07,40.73,12,350,dengue
2021-12-17,28.54,20.38,9.13,18.9,80.45,1001.36,41.56,21.95,8.15,37.85,7.5,43.64,12,351,malaria
2021-12-18,28.62,20.69,7.78,19.7,86.47,1017.08,79.83,22.14,7.93,39.36,8.84,46.38,12,352,dengue
2021-12-19,31.03,25.45,7.34,17.99,87.97,1012.05,88.65,28.8,5.58,43.47,8.08,40.77,12,353,malaria
2021-12-20,30.58,25.37,15.11,14.0,58.77,1016.18,85.02,28.49,5.21,36.17,10.07,54.56,12,354,cholera
2021-12-21,37.57,28.61,5.41,18.8,87.05,1013.6,20.46,31.01,8.96,49.14,9.29,58.13,12,355,malaria
2021-12-22,32.43,26.6,5.7,17.29,71.24,990.48,26.42,28.54,5.82,39.83,8.74,60.07,12,356,malaria
2021-12-23,25.2,21.1,4.74,14.71,67.36,994.64,60.93,22.12,4.1,33.14,5.28,55.2,12,357,cholera
2021-12-24,37.2,30.71,0.94,13.49,84.32,1013.66,31.07,33.45,6.49,51.58,3.79,47.02,12,358,malaria
2021-12-25,32.4,23.19,1.19,8.69,79.74,1012.16,57.54,25.52,9.21,48.64,2.29,40.43,12,359,malaria
2021-12-26,31.42,22.26,8.24,19.09,88.31,1002.69,89.09,23.59,9.17,43.21,3.46,41.33,12,360,malaria
2021-12-27,37.03,29.24,4.76,13.6,93.97,992.44,64.38,32.48,7.79,54.52,4.73,30.99,12,361,malaria
2021-12-28,35.53,29.05,1.43,3.09,82.42,990.87,33.71,31.41,6.48,56.57,4.81,27.0,12,362,malaria
2021-12-29,30.91,22.8,6.9,12.52,88.35,1012.49,26.28,26.02,8.11,47.3,4.36,28.2,12,363,malaria
2021-12-30,26.23,18.67,5.54,3.2,64.23,1022.05,69.31,20.41,7.56,41.19,4.62,29.0,12,364,malaria
2021-12-31,33.57,28.3,7.86,16.45,94.89,991.05,91.79,31.17,5.27,49.37,6.76,35.92,12,365,malaria
2022-01-01,37.65,30.86,2.49,3.12,68.41,992.35,98.03,34.31,6.79,54.04,5.29,37.22,1,1,malaria
2022-01-02,36.08,26.46,4.24,5.79,64.17,1006.42,41.48,27.76,9.63,49.2,4.86,33.22,1,2,chikungunya
2022-01-03,26.91,17.08,2.63,19.42,72.59,999.74,83.86,19.05,9.84,33.28,3.12,31.09,1,3,dengue
2022-01-04,28.02,23.24,2.57,3.13,63.42,1018.32,31.75,25.27,4.78,42.76,3.15,32.23,1,4,chikungunya
2022-01-05,37.83,32.2,1.47,16.93,83.27,1011.6,32.48,34.63,5.63,49.46,2.22,26.8,1,5,malaria
2022-01-06,35.15,29.33,5.46,19.72,70.83,1015.03,42.55,31.42,5.82,40.72,3.17,26.73,1,6,malaria
2022-01-07,27.48,21.4,4.62,19.85,81.57,996.97,23.6,22.78,6.08,36.5,3.85,23.49,1,7,dengue
2022-01-08,37.86,28.53,1.67,15.35,74.7,1006.91,87.06,30.61,9.34,47.77,3.92,22.67,1,8,malaria
2022-01-09,36.18,29.74,3.3,10.17,85.5,994.41,35.71,33.59,6.44,53.27,3.2,21.73,1,9,malaria
2022-01-10,27.28,19.88,3.76,6.14,77.11,1003.03,72.93,21.3,7.41,44.43,2.91,22.86,1,10,malaria
2022-01-11,36.11,31.12,4.08,12.38,77.35,1002.99,82.85,32.88,4.99,48.97,3.71,24.37,1,11,malaria
2022-01-12,37.21,27.84,11.49,8.08,94.54,990.88,40.21,30.4,9.36,58.75,6.44,34.39,1,12,malaria
2022-01-13,31.79,24.25,2.31,13.22,79.01,991.87,50.12,25.95,7.53,44.6,5.96,31.24,1,13,malaria
2022-01-14,28.45,21.12,2.92,19.07,92.79,1011.35,93.96,24.48,7.33,41.72,5.58,29.54,1,14,dengue
2022-01-15,31.08,24.29,2.2,4.78,74.49,1005.05,67.75,28.29,6.8,48.32,2.48,30.07,1,15,malaria
2022-01-16,35.0,28.62,3.65,5.68,68.62,1007.87,69.21,32.35,6.39,49.67,2.92,30.41,1,16,malaria
2022-01-17,31.63,24.62,6.63,2.63,77.05,1005.34,87.13,26.1,7.01,51.21,4.16,33.29,1,17,malaria
2022-01-18,25.32,18.63,3.1,7.06,61.94,1003.29,84.12,20.81,6.69,36.82,4.46,32.31,1,18,chikungunya
2022-01-19,32.39,24.48,6.39,12.02,89.26,1019.23,94.19,26.58,7.91,49.43,5.37,27.21,1,19,malaria
2022-01-20,29.13,20.64,2.42,9.53,66.7,1001.63,43.5,21.76,8.5,40.47,3.97,27.31,1,20,chikungunya
2022-01-21,28.45,20.78,4.48,7.72,88.92,1023.15,90.79,24.0,7.67,48.4,4.43,28.87,1,21,malaria
2022-01-22,36.87,30.83,16.93,8.24,72.43,1017.81,42.25,32.26,6.04,51.0,7.94,43.6,1,22,malaria
2022-01-23,29.07,19.97,3.35,19.85,76.64,1024.47,95.12,22.33,9.1,36.47,8.25,43.3,1,23,malaria
2022-01-24,25.8,21.25,6.36,19.43,72.87,1007.55,39.73,23.66,4.55,32.25,8.88,43.03,1,24,malaria
2022-01-25,36.76,28.88,1.74,5.19,66.77,994.02,95.32,32.23,7.89,51.16,3.82,41.67,1,25,malaria
2022-01-26,31.01,21.82,9.01,8.42,85.3,1000.33,43.91,23.14,9.19,49.26,5.7,44.29,1,26,malaria
2022-01-27,30.72,22.34,2.11,12.87,89.53,1018.79,33.87,24.8,8.38,47.26,4.29,43.98,1,27,malaria
2022-01-28,26.52,18.43,8.65,9.02,69.21,991.58,37.43,19.47,8.09,39.04,6.59,48.15,1,28,chikungunya
2022-01-29,37.11,28.18,12.42,13.83,90.94,1003.98,46.14,29.22,8.93,53.44,7.72,43.64,1,29,malaria
2022-01-30,35.75,26.94,5.72,4.14,94.22,997.51,25.38,29.72,8.81,59.94,8.93,46.0,1,30,malaria
2022-01-31,34.61,30.41,2.23,11.58,59.13,996.04,65.44,32.3,4.19,42.01,6.79,41.88,1,31,dengue
2022-02-01,28.2,21.66,2.75,4.08,56.09,1008.33,37.46,25.63,6.54,39.85,3.57,42.89,2,32,dengue
2022-02-02,28.29,20.82,8.54,16.82,87.83,1006.71,48.07,22.91,7.47,41.49,4.51,42.42,2,33,chikungunya
2022-02-03,25.67,18.33,6.18,18.43,77.63,996.39,31.17,21.06,7.34,34.39,5.83,46.49,2,34,dengue
2022-02-04,30.0,23.25,3.96,18.79,59.75,1022.68,74.71,25.84,6.75,32.57,6.23,41.8,2,35,malaria
2022-02-05,37.18,31.31,8.58,7.98,92.12,1019.57,37.92,33.03,5.87,58.0,6.24,37.97,2,36,malaria
2022-02-06,31.66,23.02,1.57,14.48,80.93,998.1,74.51,26.84,8.64,44.23,4.7,33.82,2,37,malaria
2022-02-07,25.61,19.69,9.43,9.99,85.0,1008.61,63.02,21.52,5.92,42.66,6.53,41.02,2,38,chikungunya
2022-02-08,30.14,25.05,4.47,16.89,56.68,1004.67,33.46,28.69,5.09,33.02,5.16,42.74,2,39,chikungunya
2022-02-09,26.24,20.34,9.32,10.36,70.18,1001.08,42.86,21.61,5.91,38.15,7.74,43.52,2,40,malaria
2022-02-10,31.91,23.84,3.31,15.17,87.98,995.13,86.63,26.46,8.06,46.32,5.7,40.65,2,41,malaria
2022-02-11,35.98,29.39,8.41,17.2,74.36,1007.99,44.68,32.11,6.59,44.48,7.01,45.1,2,42,malaria
2022-02-12,29.23,24.99,4.22,2.11,94.13,1023.8,51.61,28.18,4.24,54.81,5.31,40.73,2,43,dengue
2022-02-13,36.14,27.22,1.89,13.15,73.18,1017.31,99.81,28.79,8.92,47.09,4.84,41.06,2,44,malaria
2022-02-14,30.98,24.39,4.36,5.57,57.63,1021.05,53.59,26.88,6.59,42.1,3.49,35.98,2,45,chikungunya
2022-02-15,30.42,25.46,3.92,18.16,58.37,1003.76,28.02,26.51,4.96,32.97,3.39,35.43,2,46,malaria
2022-02-16,27.08,21.06,1.63,6.23,88.21,1023.19,44.37,22.85,6.01,47.82,3.3,27.74,2,47,malaria
2022-02-17,36.29,26.73,3.03,12.33,70.72,991.0,66.66,27.76,9.56,46.99,2.86,27.46,2,48,malaria
2022-02-18,35.24,29.4,4.6,12.59,70.91,1024.08,63.54,31.22,5.84,45.82,3.09,23.65,2,49,malaria
2022-02-19,34.22,28.59,4.12,2.91,72.04,1019.13,84.45,30.27,5.63,51.96,3.92,23.55,2,50,malaria
2022-02-20,27.94,19.04,8.67,3.72,73.0,1001.81,89.66,20.29,8.9,45.43,5.8,30.33,2,51,malaria
2022-02-21,34.78,30.47,0.08,9.1,76.2,995.65,65.76,33.89,4.31,49.56,4.29,26.05,2,52,malaria
2022-02-22,34.88,29.96,3.68,6.83,69.44,1004.3,74.38,31.13,4.92,49.02,4.14,25.81,2,53,malaria
2022-02-23,25.45,19.1,2.16,6.68,90.44,1021.35,43.78,20.79,6.35,46.62,1.97,26.35,2,54,chikungunya
2022-02-24,33.43,24.17,7.75,4.54,76.82,993.7,23.62,27.14,9.25,51.6,4.53,31.06,2,55,malaria
2022-02-25,31.96,27.46,4.79,4.11,61.76,1002.31,80.93,29.99,4.49,45.46,4.9,31.25,2,56,chikungunya
2022-02-26,28.76,21.96,3.4,9.4,72.1,1001.56,65.14,25.51,6.81,41.97,5.31,30.53,2,57,malaria
2022-02-27,25.31,18.73,2.86,12.86,75.94,998.88,57.68,21.2,6.58,37.37,3.68,24.72,2,58,dengue
2022-02-28,33.48,24.79,3.63,12.84,75.47,992.14,43.03,26.07,8.69,45.39,3.3,28.27,2,59,malaria
2022-03-01,37.53,32.72,2.03,10.35,92.72,1001.33,72.89,35.68,4.81,56.88,2.84,26.61,3,60,malaria
2022-03-02,28.26,20.36,3.78,4.2,83.06,993.97,99.75,21.91,7.9,48.74,3.15,28.24,3,61,dengue
2022-03-03,37.08,31.08,3.87,6.65,56.11,1012.1,54.11,33.73,5.99,46.93,3.23,24.36,3,62,malaria
2022-03-04,28.85,20.86,4.91,2.91,90.62,1010.19,65.11,23.37,7.98,52.71,4.19,24.49,3,63,malaria
2022-03-05,32.11,23.07,6.09,4.71,89.06,1024.7,78.15,26.42,9.04,54.2,4.96,27.17,3,64,malaria
2022-03-06,37.93,30.29,3.84,17.08,79.58,1010.34,40.29,33.56,7.63,48.24,4.95,28.15,3,65,malaria
2022-03-07,26.06,16.52,2.49,2.76,82.39,1021.59,86.98,17.9,9.55,47.31,4.14,27.02,3,66,malaria
2022-03-08,26.75,22.18,3.68,18.53,80.99,993.62,52.16,25.37,4.57,36.5,3.34,28.67,3,67,chikungunya
2022-03-09,28.88,19.54,1.73,16.67,90.78,1018.83,91.9,22.2,9.35,43.17,2.64,26.62,3,68,chikungunya
2022-03-10,32.14,25.86,5.72,9.0,64.61,993.32,45.19,27.15,6.28,43.16,3.71,28.47,3,69,chikungunya
2022-03-11,35.79,25.93,2.51,18.04,73.55,1001.2,58.12,27.88,9.86,43.43,3.32,26.07,3,70,malaria
2022-03-12,31.36,22.2,4.32,14.5,69.59,1015.85,73.33,23.56,9.16,40.17,4.18,24.3,3,71,malaria
2022-03-13,32.44,26.9,3.85,3.67,86.21,1013.58,81.4,28.83,5.54,54.33,3.56,24.31,3,72,malaria
2022-03-14,31.4,22.62,12.12,6.07,77.04,1008.32,42.58,24.51,8.78,48.57,6.76,33.94,3,73,malaria
2022-03-15,28.61,19.98,10.07,10.53,57.67,991.68,43.65,23.78,8.63,36.27,8.68,40.33,3,74,malaria
2022-03-16,31.48,23.34,7.03,7.54,79.55,1021.43,84.79,26.09,8.14,48.45,9.74,45.62,3,75,malaria
2022-03-17,34.49,28.3,3.25,14.63,77.26,1002.55,92.91,29.37,6.19,45.75,6.78,43.15,3,76,malaria
2022-03-18,29.11,24.76,18.94,14.64,68.25,1013.65,51.67,28.03,4.34,37.38,9.74,59.57,3,77,cholera
2022-03-19,30.9,24.43,5.89,8.8,57.48,1001.88,60.47,25.92,6.47,39.71,9.36,61.15,3,78,cholera
2022-03-20,33.56,23.57,2.09,8.39,71.03,994.03,90.66,25.81,9.99,47.13,8.97,59.38,3,79,malaria
2022-03-21,30.03,22.08,17.37,16.65,92.62,1012.71,96.37,23.53,7.96,44.95,8.45,64.63,3,80,chikungunya
2022-03-22,28.41,21.26,2.55,17.63,66.89,995.69,74.05,22.37,7.15,34.15,7.34,57.11,3,81,cholera
2022-03-23,33.06,24.87,2.57,6.58,66.82,1008.55,74.27,27.65,8.19,46.51,7.5,52.65,3,82,malaria
2022-03-24,26.93,21.9,4.05,12.05,89.8,1003.0,69.15,24.47,5.03,44.13,3.06,53.46,3,83,cholera
2022-03-25,29.15,22.33,1.25,16.25,91.63,1002.59,44.56,23.91,6.82,44.02,2.63,35.78,3,84,dengue
2022-03-26,26.62,17.37,5.05,5.19,83.88,991.41,52.43,19.91,9.25,46.67,3.45,34.93,3,85,chikungunya
2022-03-27,37.94,33.88,7.34,17.73,55.52,997.93,65.35,35.93,4.06,39.85,4.55,40.18,3,86,malaria
2022-03-28,33.37,27.09,11.79,12.79,91.1,1003.41,37.31,29.41,6.29,50.48,8.06,34.6,3,87,malaria
2022-03-29,25.63,16.71,6.37,16.4,77.19,1018.91,70.52,20.06,8.92,35.62,8.5,38.42,3,88,dengue
2022-03-30,25.19,19.7,11.29,4.96,71.6,990.5,58.27,20.77,5.48,41.34,9.82,47.14,3,89,malaria
2022-03-31,25.77,18.15,5.57,14.0,58.2,1005.46,33.07,19.7,7.63,31.18,7.74,48.65,3,90,dengue
2022-04-01,30.03,25.72,14.02,11.21,74.33,1003.4,87.13,27.16,4.31,42.71,10.29,61.42,4,91,malaria
2022-04-02,31.57,27.2,5.51,17.8,77.31,1023.59,23.9,28.5,4.37,40.62,8.36,61.88,4,92,malaria
2022-04-03,25.57,20.46,2.66,13.62,56.82,1023.11,87.37,22.35,5.11,30.79,7.4,57.2,4,93,cholera
2022-04-04,26.0,20.98,0.96,19.81,82.37,1023.21,31.4,23.13,5.02,35.32,3.04,46.38,4,94,malaria
2022-04-05,28.72,20.68,5.48,3.0,68.25,1016.81,53.09,23.64,8.03,45.14,3.03,45.49,4,95,dengue
2022-04-06,25.29,15.36,7.34,10.83,61.78,991.78,69.4,16.98,9.93,34.1,4.59,41.53,4,96,malaria
2022-04-07,32.11,25.26,5.22,3.31,66.22,1002.25,82.59,29.24,6.85,47.65,6.01,41.19,4,97,malaria
2022-04-08,28.13,18.88,3.31,9.37,94.13,996.33,83.93,20.89,9.25,48.63,5.29,30.49,4,98,chikungunya
2022-04-09,28.54,20.16,7.68,11.39,57.72,996.34,96.58,23.83,8.39,35.62,5.41,32.66,4,99,chikungunya
2022-04-10,30.41,23.11,7.21,4.43,82.02,1003.86,30.64,24.59,7.29,50.37,6.07,37.21,4,100,malaria
2022-04-11,37.34,28.06,12.39,9.53,69.31,1010.78,66.05,29.55,9.28,49.54,9.09,48.64,4,101,malaria
2022-04-12,31.13,23.81,1.7,5.78,84.69,990.88,48.39,27.15,7.32,51.03,7.1,44.86,4,102,malaria
2022-04-13,32.33,26.76,7.78,15.23,79.4,1007.09,30.65,28.55,5.57,43.87,7.29,45.3,4,103,malaria
2022-04-14,30.45,22.85,15.54,7.19,55.26,1007.37,42.85,26.06,7.6,39.65,8.34,55.61,4,104,cholera
2022-04-15,25.31,17.8,2.28,11.91,71.29,1008.25,91.73,19.39,7.51,36.5,8.53,54.58,4,105,cholera
2022-04-16,25.29,16.12,4.76,18.03,78.88,1018.36,54.37,19.37,9.17,34.7,7.53,51.67,4,106,cholera
2022-04-17,36.87,29.44,3.1,6.44,67.26,1009.43,67.04,31.72,7.43,50.55,3.38,47.55,4,107,malaria
2022-04-18,33.0,28.51,2.52,5.09,75.72,997.49,42.66,30.71,4.49,50.42,3.46,37.68,4,108,malaria
2022-04-19,35.55,31.47,12.17,18.79,55.81,995.38,90.89,33.85,4.08,36.82,5.93,48.15,4,109,chikungunya
2022-04-20,33.62,25.54,11.12,19.95,83.81,1000.05,90.38,26.69,8.07,43.31,8.6,51.49,4,110,malaria
2022-04-21,28.0,18.62,2.44,17.46,75.0,1013.62,39.13,21.89,9.38,36.53,8.58,38.39,4,111,chikungunya
2022-04-22,29.06,22.6,2.7,19.58,80.82,1022.71,44.27,25.95,6.46,38.03,5.42,38.81,4,112,chikungunya
2022-04-23,26.97,22.06,3.6,19.37,72.13,1012.12,78.09,24.16,4.91,33.21,2.91,37.65,4,113,chikungunya
2022-04-24,30.56,22.69,4.43,6.18,71.21,999.42,35.89,26.04,7.87,45.73,3.58,38.98,4,114,malaria
2022-04-25,36.82,30.6,6.82,5.29,93.25,1003.18,47.14,31.79,6.22,59.89,4.95,43.27,4,115,malaria
2022-04-26,31.32,26.67,6.11,7.7,87.35,1020.64,44.2,30.24,4.65,50.75,5.78,37.21,4,116,malaria
2022-04-27,36.14,27.56,6.93,14.29,68.26,1007.52,71.66,30.09,8.59,44.67,6.62,33.02,4,117,malaria
2022-04-28,26.56,20.69,2.44,17.51,60.49,1023.33,46.31,23.67,5.87,30.27,5.16,33.01,4,118,malaria
2022-04-29,37.27,28.04,9.64,19.76,78.91,992.87,71.75,30.91,9.23,45.48,6.33,39.95,4,119,malaria
2022-04-30,33.3,27.46,2.74,19.27,63.71,993.09,35.56,30.92,5.84,36.83,4.94,39.09,4,120,malaria
2022-05-01,32.14,27.0,5.36,10.3,88.15,1019.03,76.75,28.32,5.14,50.02,5.91,40.03,5,121,malaria
2022-05-02,35.91,27.88,15.77,8.53,90.17,1015.39,29.01,30.1,8.03,55.69,7.96,48.98,5,122,chikungunya
2022-05-03,29.24,24.81,9.42,14.51,80.19,1020.22,30.58,28.75,4.43,41.54,10.18,52.29,5,123,cholera
2022-05-04,32.57,22.6,3.68,5.99,57.25,998.95,62.21,24.12,9.97,43.27,9.62,49.04,5,124,malaria
2022-05-05,30.73,21.45,31.01,19.69,65.0,992.57,73.05,24.24,9.28,34.4,14.7,77.61,5,125,cholera
2022-05-06,30.4,23.86,20.32,5.52,87.81,1012.71,53.52,26.24,6.53,51.51,18.34,88.3,5,126,chikungunya
2022-05-07,25.6,16.01,11.37,17.22,65.38,990.06,50.11,18.73,9.58,31.12,20.9,96.93,5,127,cholera
2022-05-08,31.22,22.05,8.76,11.97,75.52,999.85,85.78,25.31,9.17,43.77,13.48,100.33,5,128,malaria
2022-05-09,34.53,25.27,2.21,7.54,64.69,992.56,79.52,28.4,9.26,46.6,7.45,86.77,5,129,cholera
2022-05-10,28.05,19.55,8.6,3.94,64.31,1016.26,41.96,22.43,8.5,42.51,6.52,85.95,5,130,cholera
2022-05-11,26.06,19.34,9.18,17.79,85.93,1013.51,22.54,21.95,6.71,37.96,6.66,91.46,5,131,cholera
2022-05-12,25.49,16.64,10.68,12.12,66.18,1017.39,90.92,18.84,8.85,34.84,9.49,71.12,5,132,cholera
2022-05-13,36.22,30.62,10.84,19.17,59.88,990.64,92.33,31.82,5.6,38.56,10.23,61.64,5,133,cholera
2022-05-14,37.89,28.19,5.44,11.68,62.4,1004.99,24.91,29.86,9.71,46.31,8.99,55.71,5,134,cholera
2022-05-15,29.72,23.09,6.09,8.11,83.36,1024.78,45.17,26.11,6.63,47.55,7.46,53.04,5,135,cholera
2022-05-16,35.98,26.48,14.83,7.1,68.05,990.73,80.87,27.61,9.49,49.46,8.79,65.66,5,136,malaria
2022-05-17,36.24,31.53,4.65,4.5,72.6,1006.9,36.98,32.88,4.71,53.05,8.52,61.71,5,137,malaria
2022-05-18,35.87,28.86,1.48,16.45,94.23,1011.21,60.3,32.49,7.01,51.45,6.99,54.01,5,138,malaria
2022-05-19,37.38,28.86,18.68,5.5,72.89,1019.04,72.38,31.09,8.53,53.59,8.27,62.01,5,139,malaria
2022-05-20,33.62,28.91,1.53,16.28,63.82,996.51,96.07,30.54,4.71,39.29,7.23,52.7,5,140,cholera
2022-05-21,28.39,18.57,9.37,4.08,83.24,1007.63,86.33,21.1,9.82,49.0,9.86,56.63,5,141,cholera
2022-05-22,33.06,26.2,10.33,15.82,80.14,1012.16,56.02,28.79,6.87,44.43,7.08,60.87,5,142,malaria
2022-05-23,34.69,25.74,7.06,12.11,81.86,1022.42,69.53,29.21,8.96,49.23,8.92,53.1,5,143,malaria
2022-05-24,33.95,26.64,5.89,9.67,93.71,1013.02,65.15,30.44,7.31,54.11,7.76,54.34,5,144,malaria
2022-05-25,32.62,25.47,8.79,10.48,73.9,1003.24,61.38,27.71,7.16,45.67,7.25,61.65,5,145,malaria
2022-05-26,27.59,21.12,9.82,12.36,89.15,1015.39,48.83,22.38,6.47,44.35,8.17,52.79,5,146,cholera
2022-05-27,27.63,20.36,5.88,17.28,70.89,998.59,84.99,22.38,7.27,34.93,8.16,57.14,5,147,cholera
2022-05-28,26.45,19.03,1.25,14.86,64.61,1005.53,42.59,20.27,7.42,33.37,5.65,49.03,5,148,dengue
2022-05-29,27.54,22.54,4.11,15.68,68.55,1023.32,79.03,25.34,5.0,35.19,3.75,42.8,5,149,chikungunya
2022-05-30,25.71,19.82,7.68,5.9,89.91,993.05,58.99,22.9,5.88,47.25,4.35,43.42,5,150,malaria
2022-05-31,37.5,30.83,4.4,15.72,87.47,1001.96,54.7,34.38,6.67,51.36,5.39,41.93,5,151,malaria
2022-06-01,29.72,20.96,5.64,16.49,88.8,1003.83,24.1,23.16,8.76,43.48,5.91,38.78,6,152,malaria
2022-06-02,32.58,25.8,7.56,10.65,81.47,997.67,29.03,28.59,6.79,48.02,5.87,36.52,6,153,malaria
2022-06-03,31.3,27.14,2.39,9.12,79.53,1018.2,43.97,31.03,4.16,47.16,5.2,33.03,6,154,malaria
2022-06-04,31.96,24.25,4.07,14.0,75.44,1005.01,24.3,25.32,7.71,43.06,4.67,35.85,6,155,malaria
2022-06-05,29.65,23.65,2.03,17.43,92.55,1007.23,76.07,27.22,6.0,44.0,2.83,33.77,6,156,malaria
2022-06-06,32.46,26.41,3.88,3.23,90.9,994.18,46.23,29.85,6.05,56.19,3.33,29.97,6,157,malaria
2022-06-07,32.77,26.4,11.0,17.65,58.53,1017.19,87.8,27.95,6.36,35.72,5.64,36.58,6,158,chikungunya
2022-06-08,27.15,18.91,4.67,13.44,62.86,997.41,23.32,20.88,8.24,34.49,6.52,35.6,6,159,chikungunya
2022-06-09,34.16,24.58,2.31,14.53,62.71,993.25,62.58,28.05,9.57,40.68,5.99,30.36,6,160,dengue
2022-06-10,26.58,20.76,10.48,12.16,79.02,995.82,50.38,23.61,5.82,40.14,5.82,38.44,6,161,malaria
2022-06-11,34.46,24.92,7.23,14.0,79.94,1011.09,59.18,27.51,9.54,47.04,6.67,41.6,6,162,malaria
2022-06-12,29.35,22.23,12.96,16.49,62.43,992.97,54.9,25.21,7.12,34.4,10.22,52.53,6,163,cholera
2022-06-13,30.69,25.03,8.51,11.04,68.12,1015.8,22.94,27.45,5.66,41.44,9.57,57.16,6,164,malaria
2022-06-14,29.37,19.85,5.11,10.73,58.42,1024.04,61.44,22.69,9.52,37.14,8.86,51.27,6,165,cholera
2022-06-15,28.08,21.17,4.02,3.35,59.25,1019.31,39.19,22.76,6.9,41.28,5.88,50.62,6,166,cholera
2022-06-16,31.56,22.95,5.47,2.66,57.11,1019.2,29.44,24.09,8.61,44.55,4.87,53.79,6,167,cholera
2022-06-17,30.69,21.63,2.82,9.59,56.6,1005.72,66.21,24.34,9.06,38.66,4.1,46.13,6,168,malaria
2022-06-18,29.55,21.85,3.96,19.88,89.74,1009.76,61.33,23.7,7.7,41.25,4.08,42.86,6,169,dengue
2022-06-19,28.71,20.92,6.78,10.68,85.31,999.87,45.44,24.7,7.78,45.39,4.52,36.68,6,170,dengue
2022-06-20,26.47,21.44,1.58,7.71,63.81,1008.04,28.19,24.7,5.03,38.13,4.11,29.75,6,171,malaria
2022-06-21,25.21,15.43,5.71,12.86,58.19,1013.91,94.61,18.15,9.78,31.41,4.69,30.34,6,172,chikungunya
2022-06-22,32.56,23.96,9.73,18.19,79.94,994.6,44.78,25.57,8.6,42.21,5.67,36.04,6,173,malaria
2022-06-23,36.81,28.25,4.14,7.42,62.36,1016.48,57.93,29.93,8.56,48.2,6.52,34.71,6,174,malaria
2022-06-24,37.27,27.3,0.98,17.25,63.24,1023.32,47.35,31.26,9.97,42.07,4.95,32.87,6,175,chikungunya
2022-06-25,25.27,21.07,3.84,16.7,90.41,993.03,63.07,24.81,4.21,39.42,2.99,32.75,6,176,malaria
2022-06-26,33.08,28.35,2.94,3.79,72.15,1012.0,37.21,31.23,4.72,50.23,2.59,28.92,6,177,malaria
2022-06-27,37.01,27.02,0.08,6.24,67.41,1003.97,39.38,28.63,9.99,50.89,2.29,27.42,6,178,malaria
2022-06-28,37.41,27.9,4.5,6.3,80.15,1012.41,88.04,31.12,9.51,55.45,2.51,26.22,6,179,malaria
2022-06-29,32.05,24.13,3.69,12.68,74.57,994.67,39.4,26.01,7.92,43.79,2.76,20.18,6,180,malaria
2022-06-30,37.02,31.63,2.3,4.13,93.16,1020.29,66.18,34.66,5.38,60.87,3.5,18.34,6,181,malaria
2022-07-01,25.22,19.18,1.26,3.39,66.29,1010.49,40.51,22.98,6.03,40.72,2.42,18.63,7,182,chikungunya
2022-07-02,35.37,28.32,2.44,17.42,73.68,1002.59,62.89,31.47,7.05,43.48,2.0,17.23,7,183,malaria
2022-07-03,30.77,21.13,10.51,10.56,85.28,1014.12,89.09,25.12,9.63,47.52,4.74,24.8,7,184,malaria
2022-07-04,30.55,25.88,3.88,3.12,87.91,1000.9,52.14,28.39,4.67,53.38,5.61,28.6,7,185,malaria
2022-07-05,35.91,28.01,6.81,5.16,75.53,1015.04,97.86,29.61,7.9,53.22,7.07,30.9,7,186,malaria
2022-07-06,25.12,20.67,10.85,10.22,68.17,991.84,56.02,22.44,4.45,36.47,7.18,38.06,7,187,chikungunya
2022-07-07,37.79,33.49,3.48,14.97,66.27,996.45,23.15,34.55,4.3,45.18,7.05,39.24,7,188,malaria
2022-07-08,35.07,30.26,20.73,2.49,86.34,990.37,80.95,33.94,4.81,57.82,11.69,58.71,7,189,dengue
2022-07-09,35.3,25.38,2.71,11.17,91.35,1017.48,58.99,29.21,9.92,53.62,8.97,58.97,7,190,malaria
2022-07-10,25.74,16.16,5.26,6.73,73.89,1001.35,96.17,19.63,9.59,41.42,9.57,53.72,7,191,cholera
2022-07-11,34.22,26.69,2.93,9.06,72.9,1015.55,48.62,27.88,7.53,47.93,3.63,52.77,7,192,malaria
2022-07-12,25.97,21.27,4.69,9.07,65.35,1002.15,83.53,24.15,4.69,37.18,4.29,50.65,7,193,cholera
2022-07-13,37.19,29.11,10.53,12.98,92.69,1017.59,21.92,31.71,8.08,54.69,6.05,50.32,7,194,malaria
2022-07-14,33.95,25.46,6.8,6.26,90.3,993.39,24.46,26.84,8.49,55.37,7.34,53.65,7,195,malaria
2022-07-15,25.75,16.68,3.84,6.89,59.15,1000.34,27.24,19.68,9.07,36.45,7.06,36.76,7,196,malaria
2022-07-16,29.82,21.19,3.62,9.77,86.27,1006.95,83.52,23.92,8.63,47.45,4.75,37.66,7,197,chikungunya
2022-07-17,29.39,21.16,1.77,15.51,64.44,995.02,34.83,22.71,8.23,35.8,3.08,34.18,7,198,malaria
2022-07-18,30.79,20.99,10.43,12.25,89.72,1010.41,77.44,23.11,9.8,47.83,5.27,41.68,7,199,malaria
2022-07-19,26.2,19.45,5.86,17.61,64.76,1023.84,96.65,21.2,6.75,31.25,6.02,42.85,7,200,malaria
2022-07-20,36.64,26.84,0.67,14.38,65.94,1015.78,24.13,27.99,9.8,44.34,5.65,32.99,7,201,malaria
2022-07-21,30.02,23.9,3.03,10.84,67.83,996.73,44.76,27.83,6.12,40.82,3.19,29.22,7,202,malaria
2022-07-22,30.34,23.68,6.21,14.26,83.64,1011.26,27.09,26.71,6.67,43.96,3.3,31.59,7,203,malaria
2022-07-23,25.83,18.26,5.18,5.8,88.66,991.06,87.51,20.64,7.58,47.03,4.81,33.15,7,204,chikungunya
2022-07-24,37.19,29.13,1.12,17.8,58.58,1015.04,41.69,32.41,8.06,40.07,4.17,32.5,7,205,malaria
2022-07-25,25.1,18.04,4.66,17.59,89.86,1004.64,55.55,19.95,7.05,38.44,3.66,26.74,7,206,malaria
2022-07-26,29.66,24.06,2.36,2.23,80.78,996.4,38.59,26.96,5.61,50.76,2.72,23.24,7,207,malaria
2022-07-27,25.13,18.67,4.47,14.48,85.65,1000.64,84.93,20.55,6.46,39.26,3.83,27.03,7,208,malaria
2022-07-28,37.79,28.33,5.65,10.24,70.87,1005.09,65.54,29.34,9.46,50.01,4.16,29.65,7,209,malaria
2022-07-29,28.39,21.28,2.21,5.13,76.88,1015.01,55.57,22.36,7.11,46.16,4.11,25.66,7,210,dengue
2022-07-30,31.4,25.53,5.07,6.65,73.56,994.66,94.22,29.14,5.86,47.02,4.31,25.54,7,211,malaria
2022-07-31,34.2,29.56,1.39,16.54,85.71,993.99,71.51,33.06,4.64,46.9,2.89,25.81,7,212,malaria
2022-08-01,32.51,24.63,15.05,13.5,58.26,1005.23,43.41,27.26,7.88,38.28,7.17,36.2,8,213,malaria
2022-08-02,30.62,20.62,0.23,3.86,78.4,1007.1,61.94,23.62,9.99,49.79,5.55,34.06,8,214,malaria
2022-08-03,28.47,19.01,1.94,13.58,67.63,1011.75,37.59,21.34,9.46,37.29,5.74,31.53,8,215,chikungunya
2022-08-04,28.38,22.07,4.33,12.99,88.4,1014.86,29.0,25.28,6.31,44.46,2.16,30.21,8,216,dengue
2022-08-05,36.16,31.13,1.34,12.85,81.17,1024.94,26.0,32.8,5.02,49.95,2.54,29.34,8,217,malaria
2022-08-06,30.3,24.22,0.27,3.65,82.24,1020.78,61.14,26.83,6.09,50.88,1.98,24.54,8,218,malaria
2022-08-07,28.32,19.71,7.32,3.75,57.57,1010.74,86.0,23.28,8.61,40.69,2.98,30.47,8,219,malaria
2022-08-08,31.1,21.53,13.32,7.61,76.01,992.31,97.81,23.61,9.57,46.85,6.97,28.74,8,220,malaria
2022-08-09,31.21,25.08,10.74,6.83,67.63,994.38,72.44,26.2,6.13,44.75,10.46,39.26,8,221,malaria
2022-08-10,32.77,23.55,11.68,10.08,73.37,992.69,73.66,27.02,9.22,45.92,11.91,49.0,8,222,malaria
2022-08-11,28.18,21.65,6.3,3.83,91.44,1018.72,80.8,22.8,6.53,51.67,9.57,50.97,8,223,cholera
2022-08-12,35.97,29.34,1.04,11.84,58.65,1016.48,66.59,30.9,6.63,43.04,6.34,50.67,8,224,cholera
2022-08-13,27.45,22.34,5.5,2.31,56.96,1010.05,85.56,24.32,5.11,40.62,4.28,55.9,8,225,cholera
2022-08-14,29.54,21.97,2.95,2.48,84.41,1011.9,66.46,25.19,7.58,51.66,3.16,51.52,8,226,cholera
2022-08-15,33.78,28.54,2.33,14.17,89.34,1023.7,70.27,30.1,5.24,49.34,3.59,40.54,8,227,malaria
2022-08-16,26.37,17.5,3.79,13.13,86.26,1014.61,86.76,18.66,8.88,41.65,3.02,33.58,8,228,dengue
2022-08-17,31.46,21.76,3.37,5.78,86.56,1017.11,37.42,24.63,9.7,51.98,3.16,25.28,8,229,malaria
2022-08-18,25.63,18.72,4.74,18.58,94.04,997.78,36.65,21.98,6.9,39.65,3.97,23.71,8,230,chikungunya
2022-08-19,28.03,23.09,9.11,7.57,72.92,1004.19,98.73,24.96,4.94,42.79,5.74,31.78,8,231,chikungunya
2022-08-20,36.78,32.45,14.72,10.24,65.36,1020.76,35.73,36.29,4.33,47.18,9.52,41.0,8,232,malaria
2022-08-21,27.67,19.99,6.02,5.42,75.84,1006.42,25.68,23.45,7.68,44.9,9.95,44.07,8,233,dengue
2022-08-22,32.47,25.38,1.15,3.93,71.94,1005.83,78.69,28.9,7.09,49.46,7.3,42.89,8,234,malaria
2022-08-23,32.08,27.56,2.94,8.59,64.18,997.64,24.38,28.62,4.52,43.25,3.37,42.04,8,235,dengue
2022-08-24,25.51,18.77,3.32,12.25,88.3,1024.71,33.09,21.85,6.73,42.07,2.47,41.99,8,236,malaria
2022-08-25,31.07,22.96,3.39,6.95,63.94,1020.0,85.37,25.3,8.11,43.31,3.22,40.64,8,237,dengue
2022-08-26,30.59,23.97,3.76,15.72,92.45,1022.93,33.98,27.59,6.63,46.1,3.49,35.3,8,238,malaria
2022-08-27,34.59,29.07,4.52,13.4,83.84,999.0,77.55,30.15,5.52,48.88,3.89,25.1,8,239,malaria
2022-08-28,29.88,22.12,4.13,16.81,64.4,1012.83,52.42,24.91,7.76,35.36,4.14,23.22,8,240,malaria
2022-08-29,25.22,15.76,3.1,6.77,81.51,1023.79,93.27,18.27,9.46,43.38,3.92,25.17,8,241,dengue
2022-08-30,26.76,16.9,3.03,16.69,70.13,993.09,47.38,20.84,9.86,34.23,3.42,25.26,8,242,malaria
2022-08-31,31.69,23.44,3.93,4.48,57.17,990.65,31.49,26.41,8.25,43.42,3.35,25.87,8,243,chikungunya
2022-09-01,32.55,22.98,11.42,14.75,84.27,996.09,48.9,25.89,9.57,46.03,6.13,33.9,9,244,malaria
2022-09-02,25.92,19.75,4.95,19.93,73.98,1018.56,54.57,23.14,6.17,32.38,6.77,35.09,9,245,malaria
2022-09-03,36.58,27.7,2.09,4.78,80.07,991.01,71.5,29.53,8.88,55.66,6.16,32.66,9,246,malaria
2022-09-04,30.85,24.77,8.99,13.2,90.28,1023.57,35.39,27.93,6.07,47.4,5.34,37.51,9,247,malaria
2022-09-05,33.64,27.58,5.62,11.45,62.99,1016.27,79.71,29.01,6.06,42.4,5.57,40.03,9,248,dengue
2022-09-06,34.52,29.12,7.29,12.59,63.43,998.29,70.24,32.61,5.4,42.64,7.3,44.3,9,249,malaria
2022-09-07,32.77,24.34,5.16,14.62,57.23,1021.91,76.17,26.86,8.43,37.42,6.02,45.53,9,250,dengue
2022-09-08,26.7,20.95,3.38,18.28,55.03,1010.79,77.54,23.81,5.75,28.06,5.28,37.49,9,251,dengue
2022-09-09,31.03,25.56,4.1,11.59,80.26,1009.0,30.35,27.68,5.47,45.4,4.21,36.63,9,252,malaria
2022-09-10,26.29,18.55,7.84,16.0,63.82,995.76,52.51,22.33,7.74,32.15,5.11,42.38,9,253,chikungunya
2022-09-11,37.12,32.37,3.85,8.46,80.24,1015.02,54.39,34.29,4.75,53.68,5.26,37.24,9,254,malaria
2022-09-12,37.51,27.72,4.69,10.63,93.91,990.17,53.01,29.02,9.79,57.06,5.46,36.32,9,255,malaria
2022-09-13,31.62,27.47,1.33,19.93,87.02,1019.6,70.82,28.6,4.15,42.39,3.29,30.36,9,256,malaria
2022-09-14,27.69,18.14,3.42,3.87,83.1,1000.48,41.51,22.13,9.55,48.4,3.15,28.62,9,257,chikungunya
2022-09-15,35.73,30.85,6.87,2.81,79.9,1000.81,49.5,34.16,4.88,56.13,3.88,32.11,9,258,malaria
2022-09-16,35.54,29.14,3.28,9.32,85.87,1006.94,91.8,32.86,6.4,53.36,4.52,31.29,9,259,malaria
2022-09-17,26.14,16.52,7.15,16.49,89.01,1000.12,96.18,17.67,9.62,39.96,5.77,30.59,9,260,dengue
2022-09-18,29.9,20.11,7.44,9.19,94.31,1008.78,60.21,21.88,9.79,50.59,5.95,34.18,9,261,dengue
2022-09-19,25.19,20.89,10.3,14.85,87.73,1013.36,30.05,24.19,4.3,39.74,8.29,39.79,9,262,malaria
2022-09-20,31.31,26.41,1.94,13.04,61.29,1023.68,61.47,27.63,4.9,38.41,6.56,40.4,9,263,malaria
2022-09-21,28.46,24.27,7.07,13.2,92.38,997.23,78.8,27.87,4.19,45.7,6.44,44.04,9,264,malaria
2022-09-22,33.7,24.81,2.3,19.34,91.7,1016.76,26.33,27.15,8.89,46.43,3.77,39.47,9,265,malaria
2022-09-23,26.32,22.23,1.96,19.29,91.11,1014.39,27.73,24.05,4.1,38.89,3.77,38.15,9,266,dengue
2022-09-24,34.92,26.11,1.45,7.2,73.05,994.09,56.26,29.67,8.81,49.98,1.9,32.45,9,267,malaria
2022-09-25,32.56,28.08,0.73,10.54,69.46,1002.56,62.34,30.84,4.47,44.1,1.38,25.75,9,268,malaria
2022-09-26,35.36,29.31,3.11,11.98,78.52,1022.71,78.08,33.07,6.05,48.89,1.76,18.56,9,269,malaria
2022-09-27,36.81,29.18,10.43,12.03,94.13,1017.06,28.5,32.52,7.63,55.45,4.76,27.04,9,270,malaria
2022-09-28,27.22,20.53,8.04,7.23,58.28,1000.45,73.79,22.52,6.68,37.39,7.19,28.02,9,271,dengue
2022-09-29,27.4,20.41,2.01,15.16,58.06,1013.24,39.0,22.88,6.99,31.95,6.83,27.73,9,272,chikungunya
2022-09-30,29.4,22.02,8.01,17.35,62.93,1020.6,48.2,25.19,7.38,34.03,6.02,33.78,9,273,chikungunya
2022-10-01,36.78,32.02,2.49,10.87,58.28,996.86,95.5,35.95,4.76,44.4,4.17,34.82,10,274,dengue
2022-10-02,29.18,24.97,0.05,15.12,76.12,997.07,28.81,27.12,4.21,39.72,3.52,34.13,10,275,chikungunya
2022-10-03,35.43,26.71,3.53,7.4,61.05,999.96,50.08,29.98,8.72,46.4,2.02,34.56,10,276,malaria
2022-10-04,27.53,21.65,13.42,4.02,88.98,1008.65,57.71,25.6,5.88,50.09,5.67,37.55,10,277,dengue
2022-10-05,26.53,17.99,12.02,2.49,71.15,1024.78,33.99,21.01,8.54,44.27,9.66,41.53,10,278,chikungunya
2022-10-06,25.65,21.28,9.19,17.05,61.19,1000.54,39.92,23.39,4.38,29.91,11.54,48.71,10,279,malaria
2022-10-07,30.85,25.62,9.65,13.69,67.1,1006.1,42.35,27.73,5.23,39.41,10.29,50.35,10,280,malaria
2022-10-08,27.07,17.76,0.72,11.14,74.96,993.85,51.16,19.48,9.31,40.01,6.52,48.58,10,281,malaria
2022-10-09,29.68,25.14,8.7,3.67,59.04,996.97,99.99,26.15,4.54,42.6,6.36,57.23,10,282,cholera
2022-10-10,33.3,28.46,5.48,18.09,75.87,999.19,81.38,32.24,4.85,41.67,4.97,59.18,10,283,malaria
2022-10-11,31.29,25.39,7.18,14.27,90.55,1014.24,39.48,29.19,5.89,47.18,7.12,52.94,10,284,malaria
2022-10-12,26.36,20.76,24.36,16.05,69.46,1004.22,84.75,22.89,5.61,34.05,12.34,65.28,10,285,cholera
2022-10-13,25.61,20.56,8.94,3.27,69.2,1007.61,59.46,21.57,5.06,42.16,13.49,65.03,10,286,cholera
2022-10-14,31.52,25.21,2.01,13.98,63.62,997.74,78.34,27.71,6.3,38.72,11.77,57.39,10,287,cholera
2022-10-15,30.4,25.38,0.73,2.19,58.66,1009.49,91.35,27.24,5.02,44.22,3.89,57.4,10,288,cholera
2022-10-16,29.26,24.57,3.51,14.12,94.63,1020.9,57.84,27.13,4.69,46.61,2.08,52.21,10,289,cholera
2022-10-17,27.48,20.71,4.61,2.92,89.54,1001.93,91.96,24.53,6.77,50.99,2.95,51.33,10,290,cholera
2022-10-18,33.72,25.73,11.47,15.95,79.88,1011.24,87.96,28.36,7.99,44.91,6.53,55.63,10,291,malaria
2022-10-19,35.45,28.4,4.36,8.91,72.78,994.96,28.2,31.0,7.05,49.23,6.81,35.62,10,292,malaria
2022-10-20,26.11,20.29,1.88,14.64,69.87,990.62,76.26,21.35,5.82,34.92,5.9,28.57,10,293,chikungunya
2022-10-21,35.11,28.82,10.18,8.77,69.69,1008.41,84.7,30.9,6.29,47.97,5.47,36.74,10,294,malaria
2022-10-22,31.82,23.79,2.2,15.02,78.09,1012.67,22.34,26.65,8.02,43.07,4.75,38.21,10,295,malaria
2022-10-23,31.62,24.35,2.13,3.47,62.73,1023.28,52.7,26.75,7.27,45.9,4.84,36.83,10,296,dengue
2022-10-24,28.09,18.21,1.21,3.7,60.03,1004.51,81.0,21.91,9.87,41.31,1.85,33.43,10,297,chikungunya
2022-10-25,33.39,25.48,2.72,9.52,57.92,999.58,98.4,28.27,7.91,41.84,2.02,24.68,10,298,dengue
2022-10-26,37.99,32.94,3.97,19.19,91.79,1000.89,36.72,36.48,5.05,50.85,2.63,24.29,10,299,malaria
2022-10-27,36.78,29.53,13.28,6.62,87.03,1012.12,60.28,30.71,7.25,56.86,6.66,35.69,10,300,malaria
2022-10-28,36.91,29.21,6.85,11.46,83.72,1010.35,95.82,30.38,7.69,52.51,8.03,32.36,10,301,malaria
2022-10-29,26.38,21.34,1.57,13.62,90.68,1015.65,60.67,25.31,5.04,42.77,7.24,31.73,10,302,chikungunya
2022-10-30,28.64,21.25,4.37,14.48,94.63,999.73,59.86,23.24,7.39,45.73,4.26,33.97,10,303,chikungunya
2022-10-31,36.94,30.3,2.47,16.33,78.32,1023.61,72.83,32.87,6.64,47.36,2.8,35.23,10,304,malaria
2022-11-01,25.31,18.82,10.22,5.69,62.58,994.4,44.88,22.48,6.48,37.97,5.68,42.73,11,305,dengue
2022-11-02,34.56,25.77,2.39,17.97,60.49,1001.77,66.94,27.08,8.78,37.94,5.03,41.15,11,306,dengue
2022-11-03,37.32,28.72,7.75,18.94,90.27,1008.03,81.97,31.4,8.6,49.85,6.79,35.62,11,307,malaria
2022-11-04,32.19,27.5,1.07,11.53,65.75,990.74,77.83,28.59,4.69,41.81,3.74,29.84,11,308,malaria
2022-11-05,32.74,25.5,4.93,11.93,88.64,1024.89,54.43,27.46,7.24,49.64,4.59,33.2,11,309,malaria
2022-11-06,36.79,31.64,7.22,9.3,56.64,1002.16,41.22,34.7,5.15,44.97,4.41,36.06,11,310,dengue
2022-11-07,37.33,30.41,8.73,6.71,92.86,1015.42,37.57,32.75,6.92,59.28,6.96,42.33,11,311,malaria
2022-11-08,35.35,28.07,6.98,15.57,79.88,1008.9,79.97,31.25,7.28,46.82,7.64,39.08,11,312,malaria
2022-11-09,33.19,27.03,6.71,6.83,74.7,1019.29,33.09,28.86,6.16,49.05,7.47,43.4,11,313,malaria
2022-11-10,25.86,17.62,4.7,9.0,72.75,1021.2,52.91,19.06,8.24,39.56,6.13,40.34,11,314,malaria
2022-11-11,35.15,29.94,4.81,3.53,87.31,1017.0,93.21,33.5,5.21,57.49,5.4,44.08,11,315,malaria
2022-11-12,33.88,29.57,2.43,17.22,86.96,1007.8,38.63,33.1,4.31,46.53,3.98,41.57,11,316,malaria
2022-11-13,34.45,24.57,3.47,16.27,62.48,992.33,99.88,25.64,9.88,39.68,3.57,37.82,11,317,chikungunya
2022-11-14,26.04,19.88,3.14,6.19,59.62,1001.41,37.64,23.66,6.16,37.38,3.01,32.22,11,318,chikungunya
2022-11-15,33.7,24.37,20.01,16.49,93.69,999.4,59.59,25.63,9.33,49.08,8.87,45.25,11,319,dengue
2022-11-16,33.74,28.29,2.37,15.5,67.69,1006.93,43.57,30.07,5.44,41.22,8.51,40.91,11,320,malaria
2022-11-17,25.34,19.63,7.85,12.94,71.13,1013.68,35.19,23.08,5.71,35.75,10.08,44.07,11,321,dengue
2022-11-18,32.28,25.96,3.74,12.12,55.23,992.75,90.5,27.2,6.32,38.03,4.65,43.0,11,322,malaria
2022-11-19,36.96,31.34,10.21,18.95,84.58,993.03,73.53,33.57,5.62,47.6,7.27,50.78,11,323,malaria
2022-11-20,31.12,26.82,0.61,16.23,73.16,1000.56,50.72,30.39,4.29,39.9,4.85,47.92,11,324,malaria
2022-11-21,34.74,29.1,3.83,12.47,76.34,1010.87,49.28,32.52,5.63,47.2,4.88,48.61,11,325,malaria
2022-11-22,31.8,27.1,3.27,11.66,92.46,1000.79,89.56,30.39,4.7,50.15,2.57,31.88,11,326,malaria
2022-11-23,28.22,24.0,6.21,8.68,75.07,1015.39,29.06,26.22,4.22,42.92,4.44,35.72,11,327,malaria
2022-11-24,35.13,26.53,3.28,7.15,57.84,1002.1,79.46,28.84,8.6,45.22,4.26,31.15,11,328,chikungunya
2022-11-25,33.65,26.51,1.31,12.57,58.42,1005.74,80.51,29.89,7.15,40.13,3.6,28.72,11,329,chikungunya
2022-11-26,34.07,29.52,11.25,6.74,83.98,996.63,91.38,31.82,4.54,53.06,5.28,29.76,11,330,malaria
2022-11-27,27.57,20.95,1.17,11.38,60.99,992.3,78.35,23.63,6.63,35.73,4.58,30.32,11,331,dengue
2022-11-28,35.51,29.18,0.65,7.5,57.91,1022.64,51.56,32.56,6.33,45.37,4.36,27.15,11,332,malaria
2022-11-29,29.49,20.65,1.41,11.5,81.22,998.16,89.15,22.58,8.85,44.25,1.08,25.28,11,333,dengue
2022-11-30,31.88,25.48,8.36,14.27,63.31,1017.96,84.24,27.72,6.41,38.79,3.47,27.43,11,334,malaria
2022-12-01,35.44,28.07,8.91,16.56,66.79,1009.99,79.63,30.21,7.37,41.89,6.23,33.06,12,335,malaria
2022-12-02,28.94,22.18,11.4,18.74,76.8,1013.15,92.26,23.48,6.76,37.16,9.56,43.15,12,336,dengue
2022-12-03,30.7,25.39,7.08,10.43,78.65,1021.04,91.11,28.63,5.31,45.35,9.13,38.98,12,337,malaria
2022-12-04,25.46,18.01,2.49,2.31,76.99,1020.02,57.93,19.02,7.45,45.25,6.99,40.3,12,338,chikungunya
2022-12-05,37.13,31.07,5.92,2.07,64.52,1022.85,33.69,32.41,6.07,52.98,5.16,45.56,12,339,chikungunya
2022-12-06,36.2,29.34,3.25,9.34,66.5,1009.53,44.34,30.6,6.86,47.61,3.89,47.41,12,340,malaria
2022-12-07,25.02,18.32,5.89,12.3,94.97,1000.04,42.44,19.8,6.7,43.75,5.02,44.94,12,341,malaria
2022-12-08,25.84,16.0,19.51,12.99,65.57,1000.05,60.91,19.42,9.84,34.38,9.55,55.54,12,342,cholera
2022-12-09,25.65,18.03,14.4,4.82,55.6,1000.94,67.05,19.44,7.62,36.62,13.27,58.54,12,343,cholera
2022-12-10,30.54,23.23,1.09,16.01,92.65,1020.17,65.14,25.46,7.31,45.91,11.67,52.55,12,344,malaria
2022-12-11,29.33,24.58,8.1,14.39,65.39,998.91,99.86,26.14,4.75,36.83,7.86,58.16,12,345,cholera
2022-12-12,26.92,22.33,16.2,11.64,86.54,1018.63,96.63,25.81,4.59,43.34,8.46,68.44,12,346,dengue
2022-12-13,29.11,20.47,10.97,2.23,86.82,1006.7,30.47,22.18,8.64,52.2,11.76,76.16,12,347,cholera
2022-12-14,37.12,27.97,4.42,19.55,93.63,997.53,84.89,29.56,9.16,50.33,10.53,74.69,12,348,malaria
2022-12-15,27.78,19.72,16.16,18.77,58.56,1007.9,93.48,23.43,8.06,29.96,10.52,71.34,12,349,cholera
2022-12-16,27.03,20.84,1.88,18.47,61.68,994.24,26.83,24.56,6.2,30.46,7.49,58.82,12,350,cholera
2022-12-17,27.52,21.02,6.61,12.78,57.87,997.94,94.52,24.74,6.5,33.67,8.22,64.33,12,351,cholera
2022-12-18,35.16,31.04,10.53,18.37,80.36,992.52,92.72,34.91,4.12,44.81,6.34,66.77,12,352,malaria
2022-12-19,26.01,18.82,1.18,9.07,62.19,1010.23,96.64,21.33,7.19,36.18,6.11,51.75,12,353,cholera
2022-12-20,26.08,18.36,9.41,5.47,62.64,1016.91,41.25,21.66,7.72,38.92,7.04,50.19,12,354,cholera
2022-12-21,27.68,21.75,3.58,18.98,92.27,997.24,48.66,23.19,5.93,40.84,4.73,49.36,12,355,malaria
2022-12-22,33.57,26.51,11.64,10.7,59.47,994.04,84.12,29.1,7.06,41.7,8.21,44.83,12,356,dengue
2022-12-23,27.99,22.79,4.67,13.58,65.5,991.83,38.48,26.19,5.2,36.09,6.63,47.63,12,357,chikungunya
2022-12-24,29.9,20.48,5.85,15.59,81.89,1008.59,27.91,23.92,9.42,42.01,7.39,46.87,12,358,chikungunya
2022-12-25,27.73,20.34,7.7,2.71,71.12,1012.72,75.85,23.25,7.4,45.31,6.08,44.04,12,359,malaria
2022-12-26,33.5,26.43,2.97,8.89,85.29,1000.7,67.44,29.05,7.07,51.43,5.51,45.82,12,360,malaria
2022-12-27,25.06,20.63,4.72,17.88,60.88,1014.88,97.87,24.0,4.43,28.64,5.13,41.13,12,361,dengue
2022-12-28,31.16,24.48,7.8,14.65,93.24,1008.6,51.98,28.34,6.68,47.67,5.16,45.35,12,362,malaria
2022-12-29,33.35,27.56,0.46,17.17,69.49,1013.12,57.67,29.16,5.79,40.26,4.33,34.17,12,363,malaria
2022-12-30,32.82,28.46,11.29,15.48,88.12,1016.99,23.11,30.04,4.36,47.07,6.52,40.79,12,364,malaria
2022-12-31,31.98,22.37,3.35,10.47,61.29,991.09,95.75,24.09,9.61,40.87,5.03,38.29,12,365,malaria
2023-01-01,34.02,29.06,9.02,9.28,73.23,1014.7,85.67,30.77,4.96,47.69,7.89,39.61,1,1,malaria
2023-01-02,33.6,27.25,12.95,8.23,88.44,993.54,74.07,28.99,6.35,53.02,8.44,49.59,1,2,malaria
2023-01-03,25.2,20.2,2.04,14.76,55.84,991.27,92.2,21.42,5.0,29.29,8.0,46.91,1,3,dengue
2023-01-04,32.16,23.26,4.4,19.72,70.34,995.33,73.34,25.11,8.9,37.57,6.47,43.51,1,4,malaria
2023-01-05,32.62,25.09,22.29,17.05,65.6,1005.7,63.02,28.09,7.52,38.33,9.58,65.35,1,5,malaria
2023-01-06,35.19,28.82,2.1,8.9,84.18,990.71,36.41,31.28,6.37,52.74,9.6,56.16,1,6,malaria
2023-01-07,36.42,29.25,6.75,10.71,74.62,994.19,84.21,30.99,7.16,49.55,10.38,59.55,1,7,malaria
2023-01-08,36.69,27.23,5.12,16.01,60.24,1011.03,22.74,29.72,9.46,41.37,4.66,55.65,1,8,cholera
2023-01-09,27.01,21.92,8.18,9.78,79.93,992.6,60.3,23.46,5.1,42.54,6.68,50.88,1,9,cholera
2023-01-10,32.46,24.64,14.45,15.77,72.31,1006.95,71.85,25.69,7.82,41.28,9.25,63.29,1,10,malaria
2023-01-11,33.5,25.79,6.67,3.54,58.64,1022.31,75.14,27.17,7.71,46.37,9.77,65.55,1,11,cholera
2023-01-12,29.64,22.08,6.76,5.63,93.36,1011.47,40.93,23.28,7.55,52.51,9.29,50.03,1,12,cholera
2023-01-13,25.37,19.9,4.0,9.49,83.81,1022.14,52.64,21.47,5.47,42.38,5.81,51.93,1,13,cholera
2023-01-14,31.72,22.27,8.01,4.2,76.36,1020.78,52.8,24.72,9.45,49.98,6.26,53.2,1,14,malaria
2023-01-15,25.92,20.25,15.44,19.01,66.31,1006.13,73.7,21.73,5.67,30.49,9.15,63.51,1,15,cholera
2023-01-16,31.32,22.89,6.38,4.27,92.83,994.64,81.97,24.69,8.43,54.97,9.94,61.71,1,16,malaria
2023-01-17,37.14,28.82,9.67,5.94,72.72,1011.62,81.6,30.13,8.32,52.97,10.5,56.94,1,17,malaria
2023-01-18,37.51,28.17,8.71,10.31,67.58,1010.33,78.39,30.4,9.34,48.59,8.25,58.97,1,18,malaria
2023-01-19,33.18,24.98,3.13,2.94,89.39,1006.04,40.99,26.71,8.2,56.62,7.17,55.34,1,19,malaria
2023-01-20,31.28,21.96,12.46,10.57,94.67,1016.97,36.84,24.46,9.32,51.12,8.1,63.8,1,20,malaria
2023-01-21,28.04,21.58,2.82,15.88,64.12,1022.28,67.41,23.72,6.46,34.08,6.14,58.61,1,21,cholera
2023-01-22,31.53,23.89,2.91,5.18,87.51,1008.96,30.49,27.19,7.63,52.78,6.06,46.08,1,22,malaria
2023-01-23,37.12,27.44,25.85,4.44,75.74,993.94,94.72,28.99,9.68,55.01,10.53,65.56,1,23,dengue
2023-01-24,30.7,22.14,7.88,17.7,57.85,1019.9,82.53,23.45,8.56,33.4,12.21,63.77,1,24,cholera
2023-01-25,26.4,21.79,4.57,11.88,93.94,1005.35,63.26,25.69,4.61,45.08,12.77,59.63,1,25,cholera
2023-01-26,28.32,19.17,19.51,12.11,57.93,1016.76,42.78,22.83,9.15,34.96,10.66,76.02,1,26,cholera
2023-01-27,29.78,24.93,13.24,4.96,85.15,1023.88,82.36,25.99,4.86,50.41,12.44,76.8,1,27,cholera
2023-01-28,32.8,24.63,25.15,7.8,72.61,1019.16,94.35,27.51,8.17,47.3,19.3,99.12,1,28,malaria
2023-01-29,30.13,24.61,2.85,9.36,68.07,1016.07,26.37,25.76,5.52,42.05,13.75,99.07,1,29,malaria
2023-01-30,30.82,24.15,10.47,4.27,59.93,995.16,22.38,25.36,6.67,43.61,12.82,83.68,1,30,cholera
2023-01-31,33.58,26.99,3.57,17.86,76.1,1018.87,88.53,30.77,6.59,42.19,5.63,79.37,1,31,malaria
2023-02-01,37.35,30.02,5.58,19.31,76.9,992.25,71.42,32.78,7.33,45.2,6.54,80.39,2,32,malaria
2023-02-02,36.65,28.73,6.12,13.35,66.72,1003.07,73.6,29.94,7.92,45.32,5.09,66.99,2,33,malaria
2023-02-03,28.34,20.05,4.67,9.24,61.06,1005.46,81.66,21.85,8.28,38.02,5.46,58.42,2,34,cholera
2023-02-04,25.07,17.06,5.31,7.77,89.71,998.14,68.62,19.27,8.01,45.23,5.37,38.58,2,35,chikungunya
2023-02-05,25.88,20.72,6.46,15.29,62.57,1010.07,37.22,24.31,5.16,31.83,5.48,42.19,2,36,dengue
2023-02-06,25.73,21.25,11.84,9.65,60.13,994.3,69.57,24.27,4.48,34.82,7.87,43.56,2,37,chikungunya
2023-02-07,32.24,24.36,5.14,4.92,94.4,992.66,74.3,25.89,7.87,55.94,7.81,45.12,2,38,malaria
2023-02-08,34.32,26.08,2.55,9.02,62.78,1015.61,32.33,29.65,8.24,44.72,6.51,42.09,2,39,chikungunya
2023-02-09,27.46,18.05,2.27,13.4,58.98,1011.15,29.68,19.29,9.41,33.54,3.32,38.24,2,40,chikungunya
2023-02-10,29.72,24.21,10.88,16.0,88.65,1010.29,69.51,26.06,5.51,43.77,5.24,44.46,2,41,malaria
2023-02-11,37.69,31.97,10.86,13.7,55.99,1018.36,62.93,33.8,5.72,42.57,8.0,50.01,2,42,cholera
2023-02-12,25.8,20.83,6.32,3.18,82.62,1010.03,52.36,22.92,4.97,46.84,9.35,49.86,2,43,chikungunya
2023-02-13,33.7,23.88,8.05,12.75,71.97,1005.63,40.33,27.36,9.82,44.53,8.41,46.07,2,44,malaria
2023-02-14,31.31,24.05,2.21,14.85,62.85,1014.15,51.23,26.3,7.26,37.65,5.53,43.15,2,45,chikungunya
2023-02-15,32.21,25.04,3.11,2.99,90.51,1014.6,37.29,26.59,7.16,55.98,4.46,43.71,2,46,malaria
2023-02-16,30.61,21.71,5.29,2.1,56.41,1021.91,82.03,24.06,8.91,43.76,3.54,46.72,2,47,malaria
2023-02-17,33.38,27.34,11.39,12.03,65.24,1012.78,29.3,29.95,6.04,42.49,6.6,47.23,2,48,malaria
2023-02-18,30.68,25.08,6.14,9.28,64.01,999.0,58.36,27.18,5.61,41.31,7.61,42.51,2,49,dengue
2023-02-19,25.52,16.11,10.4,16.99,82.93,1000.2,46.89,18.04,9.41,36.99,9.31,46.59,2,50,chikungunya
2023-02-20,31.67,25.28,5.67,14.01,55.51,1020.5,55.74,27.31,6.39,36.17,7.4,44.22,2,51,malaria
2023-02-21,34.43,29.94,2.1,16.64,93.31,1020.93,94.67,33.52,4.49,49.58,6.06,44.1,2,52,malaria
2023-02-22,34.01,28.99,9.01,5.83,79.14,1007.63,89.37,32.85,5.02,52.05,5.6,50.0,2,53,malaria
2023-02-23,30.26,23.23,2.9,6.57,90.35,1009.65,34.87,24.9,7.04,51.48,4.67,47.61,2,54,malaria
2023-02-24,31.42,21.65,8.14,10.79,68.51,1009.22,79.87,25.0,9.77,42.48,6.69,44.37,2,55,malaria
2023-02-25,29.22,20.89,6.37,16.21,83.94,999.59,87.68,23.18,8.33,41.57,5.8,44.59,2,56,chikungunya
2023-02-26,29.99,20.98,5.44,10.21,74.69,991.28,35.66,24.46,9.02,43.5,6.65,39.64,2,57,dengue
2023-02-27,30.12,24.97,5.54,5.0,56.87,1017.28,40.21,28.46,5.15,41.38,5.78,39.51,2,58,chikungunya
2023-02-28,26.37,18.93,2.89,17.4,76.23,998.93,74.05,21.56,7.44,35.34,4.62,40.29,2,59,malaria
2023-03-01,32.46,23.53,5.31,7.27,70.7,1001.97,86.58,25.35,8.93,46.7,4.58,36.59,3,60,malaria
2023-03-02,34.53,29.97,3.98,13.2,83.27,1000.43,52.97,31.64,4.56,48.77,4.06,37.67,3,61,malaria
2023-03-03,37.12,30.19,12.47,14.96,82.04,1014.7,59.14,32.34,6.93,49.72,7.25,42.0,3,62,malaria
2023-03-04,27.89,18.94,8.6,10.0,92.76,991.67,88.01,22.93,8.95,47.5,8.35,44.23,3,63,dengue
2023-03-05,37.87,32.62,9.59,12.44,91.16,1001.21,73.62,34.18,5.26,55.25,10.22,48.38,3,64,malaria
2023-03-06,33.12,27.1,1.6,7.64,62.15,1021.57,51.77,28.84,6.02,44.29,6.6,44.44,3,65,dengue
2023-03-07,29.17,20.7,4.78,12.19,61.29,1014.17,61.07,23.65,8.47,36.86,5.32,46.33,3,66,dengue
2023-03-08,30.73,21.32,6.94,10.79,79.13,1001.4,98.69,24.32,9.41,45.28,4.44,47.95,3,67,malaria
2023-03-09,25.57,19.61,3.15,10.1,68.31,1005.34,41.02,21.1,5.96,37.04,4.95,47.13,3,68,dengue
2023-03-10,31.69,26.49,5.62,12.65,57.89,995.16,25.86,29.93,5.2,37.94,5.24,40.27,3,69,chikungunya
2023-03-11,35.5,30.36,6.37,17.3,84.05,1019.46,43.92,32.31,5.14,47.13,5.05,38.04,3,70,malaria
2023-03-12,33.73,29.54,3.09,17.04,71.61,1016.77,33.97,31.5,4.19,41.43,5.03,31.54,3,71,malaria
2023-03-13,37.67,27.75,8.5,7.25,65.68,1022.53,33.8,30.49,9.92,50.27,5.99,38.44,3,72,malaria
2023-03-14,32.22,23.78,5.08,6.9,61.78,1011.73,77.52,26.49,8.44,43.78,5.56,38.75,3,73,dengue
2023-03-15,26.84,17.54,2.01,17.21,90.9,999.26,76.9,18.84,9.29,40.79,5.2,33.83,3,74,malaria
2023-03-16,33.38,27.25,5.92,2.56,77.17,1016.67,62.99,30.77,6.13,53.06,4.34,36.6,3,75,malaria
2023-03-17,25.43,19.23,3.89,19.17,63.93,1022.28,54.07,23.19,6.2,29.11,3.94,34.87,3,76,malaria
2023-03-18,30.3,25.23,1.08,12.21,92.13,991.92,53.72,28.35,5.06,48.16,3.63,29.58,3,77,malaria
2023-03-19,31.01,22.18,1.05,12.15,75.66,1015.44,66.39,23.66,8.84,43.48,2.01,27.54,3,78,malaria
2023-03-20,33.76,28.96,1.76,19.82,70.1,1005.57,23.71,30.0,4.8,39.03,1.3,20.81,3,79,malaria
2023-03-21,36.98,32.21,12.03,11.35,77.6,1013.44,96.91,35.01,4.77,50.64,4.95,27.75,3,80,malaria
2023-03-22,32.27,28.19,4.17,12.39,92.45,1020.33,98.61,30.77,4.09,50.11,5.99,29.91,3,81,malaria
2023-03-23,35.24,26.2,1.4,17.44,66.94,1022.33,38.38,29.45,9.04,41.12,5.87,25.39,3,82,malaria
2023-03-24,33.2,24.7,11.43,18.79,80.3,1000.09,71.08,26.56,8.5,42.54,5.67,32.93,3,83,malaria
2023-03-25,28.82,22.42,5.0,9.06,65.54,1023.41,68.29,26.22,6.4,40.11,5.95,36.86,3,84,dengue
2023-03-26,25.01,15.39,11.12,6.2,65.54,991.32,29.84,19.35,9.62,38.29,9.19,46.93,3,85,dengue
2023-03-27,29.14,22.85,11.37,9.47,79.6,1006.84,56.76,24.94,6.29,44.78,9.17,56.54,3,86,cholera
2023-03-28,32.63,24.88,5.09,3.27,80.24,1023.36,63.28,28.03,7.75,52.82,9.2,49.59,3,87,malaria
2023-03-29,32.24,23.11,0.54,4.26,87.54,991.25,62.26,26.09,9.13,54.15,5.67,45.96,3,88,malaria
2023-03-30,27.7,18.26,1.66,10.48,71.45,998.28,78.4,19.66,9.44,39.94,2.43,46.22,3,89,chikungunya
2023-03-31,35.95,30.58,1.5,11.22,60.41,1009.98,52.63,33.57,5.37,44.03,1.23,36.29,3,90,chikungunya
2023-04-01,27.56,23.22,8.48,2.17,80.09,1001.07,97.85,24.81,4.33,48.47,3.88,39.76,4,91,malaria
2023-04-02,37.8,32.01,12.41,7.92,79.43,1020.49,21.24,34.32,5.79,54.47,7.47,41.05,4,92,malaria
2023-04-03,27.92,21.58,7.17,15.44,58.75,1007.94,65.14,24.07,6.33,32.5,9.35,36.85,4,93,chikungunya
2023-04-04,27.73,21.37,2.28,11.06,87.07,1005.45,59.25,24.91,6.36,44.72,7.29,34.04,4,94,dengue
2023-04-05,37.77,31.38,0.96,9.34,67.98,1017.36,80.72,33.82,6.39,49.67,3.47,34.46,4,95,malaria
2023-04-06,25.58,19.72,9.34,16.5,81.77,1015.64,54.58,22.76,5.86,37.01,4.19,42.13,4,96,dengue
2023-04-07,28.18,20.1,3.02,4.05,71.44,1012.67,76.97,21.63,8.08,44.92,4.44,43.65,4,97,chikungunya
2023-04-08,37.23,31.66,3.0,15.85,78.87,1001.8,41.0,33.03,5.56,48.16,5.12,38.18,4,98,malaria
2023-04-09,31.63,24.12,7.19,10.56,69.54,1012.44,92.1,25.61,7.51,43.19,4.4,32.95,4,99,malaria
2023-04-10,29.96,25.11,12.74,7.02,93.01,992.21,68.24,26.28,4.85,51.74,7.64,38.52,4,100,chikungunya
2023-04-11,35.74,26.26,8.63,20.0,64.76,1016.72,66.92,28.05,9.48,39.12,9.52,44.87,4,101,chikungunya
2023-04-12,31.09,23.5,4.7,19.69,80.48,995.66,92.47,26.05,7.59,39.87,8.69,48.62,4,102,malaria
2023-04-13,27.0,17.47,3.43,15.17,83.37,997.01,36.88,20.53,9.53,39.89,5.59,42.72,4,103,malaria
2023-04-14,29.2,20.17,10.01,14.36,91.53,1011.3,64.79,24.05,9.03,45.35,6.05,49.71,4,104,chikungunya
2023-04-15,27.72,20.99,1.5,3.88,83.81,1014.05,27.66,24.76,6.73,48.66,4.98,48.21,4,105,dengue
2023-04-16,30.26,25.89,3.58,17.17,70.95,1008.27,52.12,27.79,4.37,37.65,5.03,44.6,4,106,malaria
2023-04-17,35.44,29.81,5.65,5.71,64.99,1001.78,67.13,32.17,5.63,48.89,3.58,37.51,4,107,chikungunya
2023-04-18,30.28,21.32,5.56,8.36,80.69,998.6,28.74,24.7,8.96,47.05,4.93,34.44,4,108,malaria
2023-04-19,26.29,20.66,1.08,8.24,93.92,1024.29,41.46,21.78,5.63,47.52,4.1,30.82,4,109,chikungunya
2023-04-20,26.33,17.86,2.96,14.8,72.56,993.95,76.47,21.6,8.46,35.92,3.2,30.34,4,110,chikungunya
2023-04-21,35.42,29.03,8.96,6.22,74.23,1009.31,70.54,30.8,6.39,51.56,4.33,29.29,4,111,malaria
2023-04-22,37.33,32.31,0.5,12.27,72.42,1004.52,78.62,35.37,5.02,48.64,4.14,28.28,4,112,malaria
2023-04-23,35.83,30.33,4.14,12.53,69.79,1007.01,45.1,31.76,5.5,46.09,4.53,28.85,4,113,malaria
2023-04-24,27.78,23.15,10.71,15.13,57.08,1020.95,89.01,25.48,4.63,32.02,5.12,33.91,4,114,malaria
2023-04-25,32.29,27.49,11.74,18.44,71.37,1016.19,29.08,29.23,4.81,38.94,8.86,40.09,4,115,malaria
2023-04-26,35.5,26.92,7.17,19.32,72.12,996.91,70.13,29.97,8.58,41.77,9.87,46.18,4,116,malaria
2023-04-27,26.63,17.91,4.53,10.69,68.24,1015.91,45.02,21.39,8.72,37.67,7.82,47.76,4,117,malaria
2023-04-28,31.89,26.15,2.31,7.1,55.01,994.44,94.69,29.75,5.74,41.07,4.67,41.1,4,118,chikungunya
2023-04-29,31.76,24.36,6.24,10.56,86.62,994.67,44.85,27.21,7.4,48.96,4.36,46.84,4,119,malaria
2023-04-30,33.98,27.56,4.18,2.65,77.05,1014.8,29.16,29.47,6.42,53.55,4.24,46.88,4,120,malaria
2023-05-01,35.16,28.96,9.95,14.1,62.87,1021.35,28.45,32.08,6.2,42.03,6.79,46.13,5,121,chikungunya
2023-05-02,34.26,27.95,12.28,4.28,71.83,1006.83,50.1,30.04,6.31,50.96,8.8,46.67,5,122,malaria
2023-05-03,25.68,17.57,3.4,5.51,87.64,1018.09,58.91,19.46,8.11,46.75,8.55,42.9,5,123,dengue
2023-05-04,28.75,23.33,3.48,11.36,69.59,1020.57,51.6,25.33,5.42,39.76,6.39,41.85,5,124,malaria
2023-05-05,28.0,21.9,3.03,12.48,82.56,1009.85,74.69,22.9,6.1,42.51,3.31,42.57,5,125,dengue
2023-05-06,37.18,30.92,1.63,3.05,67.22,995.52,33.92,34.2,6.26,53.22,2.71,37.96,5,126,malaria
2023-05-07,25.21,17.86,8.83,11.12,77.51,1000.97,43.61,21.06,7.35,39.0,4.5,42.61,5,127,malaria
2023-05-08,35.46,30.48,2.57,12.47,94.02,1016.65,53.87,31.49,4.98,53.75,4.34,35.23,5,128,malaria
2023-05-09,29.07,21.91,1.6,4.0,72.71,998.86,92.74,23.22,7.16,46.27,4.33,24.55,5,129,malaria
2023-05-10,26.98,18.72,0.83,5.89,78.63,1021.96,83.82,22.49,8.26,44.81,1.67,21.98,5,130,malaria
2023-05-11,25.14,17.4,2.21,17.48,65.07,1024.34,69.1,20.78,7.74,30.38,1.55,20.71,5,131,malaria
2023-05-12,27.38,18.83,11.95,8.16,59.32,992.44,67.11,21.4,8.55,37.24,5.0,29.63,5,132,malaria
2023-05-13,31.63,25.09,1.04,2.48,68.42,1024.16,89.88,27.08,6.53,48.47,5.07,29.04,5,133,malaria
2023-05-14,32.64,23.56,3.8,11.19,93.78,1014.26,25.67,25.13,9.08,51.76,5.6,24.0,5,134,malaria
2023-05-15,35.03,25.98,4.84,13.6,56.13,1019.0,83.06,27.76,9.05,40.03,3.23,26.27,5,135,malaria
2023-05-16,27.79,23.55,3.22,9.53,75.34,1006.69,41.65,24.64,4.24,41.98,3.95,27.89,5,136,malaria
2023-05-17,37.3,27.72,3.33,3.42,61.87,992.07,28.43,29.27,9.58,51.32,3.8,30.39,5,137,dengue
2023-05-18,30.74,26.35,4.48,17.56,73.58,1016.05,69.56,29.76,4.39,38.73,3.67,32.65,5,138,malaria
2023-05-19,30.61,21.9,5.49,18.94,74.45,1006.19,82.81,25.36,8.71,37.93,4.43,26.19,5,139,malaria
2023-05-20,32.21,27.13,7.21,16.6,56.31,1006.38,71.73,30.62,5.08,35.17,5.73,32.36,5,140,chikungunya
2023-05-21,35.84,28.91,4.87,17.0,68.92,1021.23,57.64,31.49,6.94,42.69,5.86,33.43,5,141,malaria
2023-05-22,38.0,28.94,13.04,19.42,89.52,1005.71,25.03,31.36,9.06,49.94,8.37,41.63,5,142,malaria
2023-05-23,33.96,26.31,9.37,10.44,66.75,999.71,60.02,27.8,7.65,44.68,9.09,47.78,5,143,malaria
2023-05-24,29.43,23.49,2.78,12.12,81.83,1014.61,43.32,25.9,5.94,43.95,8.4,47.23,5,144,malaria
2023-05-25,32.88,28.34,5.56,14.88,86.53,1014.64,67.18,30.69,4.54,47.01,5.9,48.31,5,145,malaria
2023-05-26,36.16,26.42,8.6,11.69,73.18,997.33,20.3,28.14,9.74,48.12,5.65,51.43,5,146,malaria
2023-05-27,31.63,25.35,4.99,19.65,69.01,1005.83,30.68,26.49,6.28,36.64,6.38,49.21,5,147,malaria
2023-05-28,35.08,27.66,3.04,6.57,64.12,990.4,30.43,29.58,7.42,47.64,5.55,47.38,5,148,chikungunya
2023-05-29,34.07,30.06,6.91,2.55,83.51,991.62,41.3,32.56,4.01,55.85,4.98,41.25,5,149,malaria
2023-05-30,30.46,25.31,11.39,3.29,84.89,991.86,63.43,27.09,5.15,52.17,7.11,43.27,5,150,malaria
2023-05-31,32.64,27.07,2.28,7.58,64.68,999.75,91.72,29.98,5.57,44.68,6.86,42.77,5,151,chikungunya
2023-06-01,30.74,21.07,6.61,19.22,68.2,1023.68,92.12,22.88,9.67,35.79,6.76,43.82,6,152,malaria
2023-06-02,35.45,25.47,2.16,9.86,75.81,1000.32,21.22,27.13,9.97,49.56,3.68,37.37,6,153,malaria
2023-06-03,28.67,22.0,5.42,3.53,81.0,1012.88,96.5,23.01,6.66,48.92,4.73,37.81,6,154,dengue
2023-06-04,26.44,19.92,4.65,2.64,60.47,1016.74,21.44,23.72,6.52,40.54,4.08,39.41,6,155,dengue
2023-06-05,26.76,19.94,1.55,9.64,67.37,999.82,97.78,21.4,6.81,38.24,3.87,34.06,6,156,chikungunya
2023-06-06,35.23,30.53,5.86,19.43,91.92,1020.94,56.17,34.1,4.7,47.96,4.02,28.53,6,157,malaria
2023-06-07,25.63,20.74,3.3,8.42,61.51,1007.12,83.51,23.72,4.89,36.04,3.57,29.55,6,158,chikungunya
2023-06-08,31.99,27.85,0.18,16.06,82.2,1012.23,92.76,28.91,4.14,43.87,3.11,23.12,6,159,malaria
2023-06-09,32.24,23.52,0.6,17.98,73.83,1020.73,66.87,26.54,8.72,40.02,1.36,21.57,6,160,malaria
2023-06-10,35.46,27.5,7.01,11.25,87.12,1003.08,51.05,28.79,7.95,52.33,2.6,23.15,6,161,malaria
2023-06-11,36.89,32.34,1.95,14.23,57.68,1010.78,81.76,35.83,4.55,41.96,3.18,20.45,6,162,dengue
2023-06-12,30.45,20.66,15.58,16.26,66.71,992.77,59.03,22.6,9.79,37.09,8.18,34.48,6,163,malaria
2023-06-13,27.63,17.91,1.52,7.05,94.97,999.38,46.3,20.89,9.72,50.03,6.35,30.13,6,164,dengue
2023-06-14,25.8,20.18,4.2,17.93,63.86,1006.22,57.63,23.8,5.62,30.32,7.1,31.03,6,165,dengue
2023-06-15,35.37,28.14,2.45,12.82,81.22,990.3,94.2,29.34,7.23,49.19,2.72,33.3,6,166,malaria
2023-06-16,29.77,23.35,3.48,10.95,85.11,1018.81,90.35,25.82,6.42,46.19,3.38,36.18,6,167,malaria
2023-06-17,33.94,28.44,9.2,18.4,94.73,993.71,38.64,32.29,5.5,48.32,5.04,38.37,6,168,malaria
2023-06-18,37.46,32.87,6.36,4.9,94.84,996.3,60.2,36.42,4.59,61.33,6.35,42.79,6,169,malaria
2023-06-19,25.27,17.64,8.15,14.36,81.97,997.75,22.78,19.87,7.63,38.26,7.9,35.36,6,170,malaria
2023-06-20,35.53,28.2,3.54,11.09,90.48,1002.54,50.29,30.45,7.33,53.63,6.02,37.38,6,171,malaria
2023-06-21,32.11,24.79,4.86,9.34,81.05,1016.88,96.86,27.28,7.32,48.31,5.52,38.04,6,172,malaria
2023-06-22,26.46,19.81,9.69,19.16,74.41,1024.08,20.66,23.51,6.64,33.6,6.03,45.28,6,173,chikungunya
2023-06-23,32.2,24.85,4.81,5.19,65.09,1018.38,95.77,26.26,7.35,46.05,6.45,46.61,6,174,malaria
2023-06-24,31.47,26.18,4.36,14.78,76.35,995.03,20.74,29.61,5.29,42.32,6.29,41.77,6,175,malaria
2023-06-25,27.29,19.65,3.5,12.54,67.63,993.04,37.84,21.22,7.64,36.83,4.22,38.9,6,176,malaria
2023-06-26,33.56,27.97,5.05,19.33,78.58,1006.49,65.87,31.76,5.58,41.96,4.3,35.8,6,177,malaria
2023-06-27,35.77,29.83,3.9,6.73,75.18,1016.04,60.26,31.03,5.94,51.87,4.15,36.16,6,178,malaria
2023-06-28,34.41,25.57,9.8,18.0,88.81,1008.39,75.32,29.22,8.84,47.11,6.25,41.1,6,179,malaria
2023-06-29,31.44,25.56,1.55,5.96,70.54,1020.3,77.95,27.78,5.88,46.55,5.09,32.96,6,180,malaria
2023-06-30,27.79,21.66,2.42,6.54,73.17,1003.51,98.57,23.83,6.14,43.36,4.59,30.58,6,181,dengue
2023-07-01,26.57,20.01,3.14,4.89,66.29,998.16,78.73,21.11,6.56,41.02,2.37,29.36,7,182,dengue
2023-07-02,26.94,22.32,1.56,5.12,93.31,1019.91,38.44,24.3,4.62,50.15,2.38,27.43,7,183,dengue
2023-07-03,30.43,22.01,6.95,16.51,65.13,998.71,67.23,23.22,8.42,36.37,3.89,29.33,7,184,malaria
2023-07-04,25.34,19.78,9.3,10.83,56.48,1008.73,76.38,21.79,5.57,32.4,5.94,34.74,7,185,dengue
2023-07-05,28.0,19.36,5.33,4.58,89.32,1000.81,72.71,22.06,8.64,50.27,7.19,30.26,7,186,chikungunya
2023-07-06,31.45,23.05,6.06,3.04,60.63,1015.08,54.98,25.26,8.39,45.32,6.9,34.77,7,187,malaria
2023-07-07,31.5,24.6,2.93,15.76,74.71,1001.86,31.75,27.26,6.9,41.13,4.78,35.29,7,188,malaria
2023-07-08,34.79,29.09,5.47,14.0,79.21,993.05,22.92,31.96,5.69,47.13,4.82,37.61,7,189,malaria
2023-07-09,28.83,24.31,1.14,7.65,73.38,998.29,70.19,26.21,4.52,43.69,3.18,37.19,7,190,chikungunya
2023-07-10,36.42,30.61,1.41,6.72,68.72,1004.37,77.63,33.14,5.81,50.4,2.67,31.65,7,191,malaria
2023-07-11,37.27,33.02,11.05,12.52,91.81,991.72,65.88,36.58,4.25,54.8,4.53,33.39,7,192,malaria
2023-07-12,28.15,18.89,5.79,2.81,91.8,1006.46,22.32,21.96,9.26,52.48,6.08,33.86,7,193,malaria
2023-07-13,26.62,21.33,7.38,12.34,79.88,1007.7,85.37,24.91,5.29,40.34,8.07,35.18,7,194,malaria
2023-07-14,35.71,27.37,3.46,14.45,80.5,1015.07,37.94,28.67,8.34,48.16,5.55,35.71,7,195,malaria
2023-07-15,36.92,29.56,7.18,16.28,91.6,995.93,85.39,33.36,7.36,51.75,6.01,37.41,7,196,malaria
2023-07-16,37.2,27.71,0.49,3.1,72.15,1003.98,34.78,29.9,9.48,54.84,3.71,36.77,7,197,malaria
2023-07-17,27.27,18.18,8.08,12.77,75.11,991.82,95.38,20.76,9.09,39.12,5.25,43.44,7,198,dengue
2023-07-18,27.06,21.02,4.89,17.69,82.49,993.91,31.82,23.31,6.03,37.89,4.49,37.28,7,199,chikungunya
2023-07-19,35.1,25.87,4.61,3.51,74.32,1007.99,86.33,28.2,9.23,53.17,5.86,36.09,7,200,malaria
2023-07-20,32.42,25.26,5.43,4.84,78.77,1010.78,33.13,26.63,7.16,51.03,4.97,34.14,7,201,malaria
2023-07-21,37.74,31.38,3.51,5.08,81.7,1011.33,71.48,32.64,6.36,57.14,4.51,34.18,7,202,malaria
2023-07-22,36.62,30.28,3.64,17.54,92.17,1000.62,89.11,33.62,6.34,50.75,4.19,30.65,7,203,malaria
2023-07-23,37.1,31.63,0.63,6.94,87.96,990.19,65.19,33.64,5.47,57.27,2.6,30.79,7,204,malaria
2023-07-24,29.19,21.33,6.38,6.76,75.78,1005.77,20.93,24.0,7.87,45.47,3.55,29.09,7,205,dengue
2023-07-25,35.45,28.26,10.31,9.66,76.98,1013.74,68.62,30.44,7.19,50.09,5.78,34.52,7,206,malaria
2023-07-26,28.45,23.44,10.09,8.71,65.5,1016.59,81.89,25.81,5.01,39.97,8.93,40.0,7,207,chikungunya
2023-07-27,25.15,16.97,12.35,18.97,87.72,1010.57,40.17,18.58,8.18,36.82,10.92,46.92,7,208,dengue
2023-07-28,32.26,24.51,3.19,2.85,56.65,998.78,75.18,28.07,7.75,44.96,8.54,46.6,7,209,malaria
2023-07-29,29.43,23.62,11.5,10.97,78.18,1000.03,49.36,24.87,5.81,43.55,9.01,54.46,7,210,cholera
2023-07-30,25.68,20.16,1.54,10.73,67.22,1008.12,50.56,22.85,5.52,36.35,5.41,55.36,7,211,cholera
2023-07-31,26.49,16.51,9.24,8.27,83.41,1002.74,86.66,18.87,9.98,44.23,7.42,58.22,7,212,cholera
2023-08-01,34.35,29.71,7.07,4.62,67.65,1024.16,40.55,32.08,4.64,49.45,5.95,54.97,8,213,malaria
2023-08-02,25.39,19.01,8.21,19.16,75.67,1018.67,63.77,20.13,6.38,32.95,8.17,53.09,8,214,cholera
2023-08-03,29.1,21.64,2.71,18.6,89.11,1017.12,51.42,24.15,7.45,41.48,6.0,43.46,8,215,chikungunya
2023-08-04,35.72,30.06,2.76,8.56,89.31,999.32,61.16,31.38,5.66,55.2,4.56,43.03,8,216,malaria
2023-08-05,33.58,24.57,5.78,18.8,83.22,1016.11,83.57,27.81,9.02,43.88,3.75,37.31,8,217,malaria
2023-08-06,30.73,22.33,15.74,17.37,87.1,991.45,50.31,23.44,8.4,43.32,8.1,51.51,8,218,dengue
2023-08-07,31.34,23.13,10.49,3.55,92.46,1003.24,66.11,26.51,8.21,55.37,10.67,52.77,8,219,malaria
2023-08-08,29.22,20.92,5.15,7.24,60.79,1018.39,37.81,24.07,8.3,40.21,10.46,50.85,8,220,cholera
2023-08-09,37.26,30.1,0.51,10.56,79.11,1024.51,95.02,33.68,7.17,51.98,5.38,43.15,8,221,malaria
2023-08-10,36.56,29.75,18.54,18.11,70.72,1023.66,53.26,32.55,6.81,43.22,8.07,58.98,8,222,malaria
2023-08-11,34.23,24.52,8.86,6.83,86.06,1009.33,72.88,26.49,9.7,53.84,9.3,65.07,8,223,malaria
2023-08-12,31.26,23.55,2.39,5.57,93.47,1007.9,78.71,25.79,7.7,54.2,9.93,61.68,8,224,malaria
2023-08-13,29.62,23.17,10.63,10.95,60.39,1007.36,33.53,24.55,6.44,37.88,7.29,56.57,8,225,cholera
2023-08-14,37.12,29.49,0.35,9.23,91.36,1012.33,81.53,31.6,7.63,56.81,4.46,46.43,8,226,malaria
2023-08-15,37.48,28.56,4.07,7.14,65.84,1019.94,22.55,29.79,8.92,50.21,5.02,45.35,8,227,malaria
2023-08-16,28.56,23.36,6.15,16.36,77.53,990.2,54.35,25.59,5.2,38.69,3.52,50.99,8,228,cholera
2023-08-17,26.48,18.42,10.31,2.0,93.16,1018.5,92.32,19.47,8.06,51.82,6.84,42.76,8,229,malaria
2023-08-18,35.53,26.5,9.76,15.3,93.4,1013.75,65.64,30.34,9.02,51.64,8.74,43.66,8,230,malaria
2023-08-19,30.76,23.16,8.53,11.02,82.48,1017.72,66.64,26.89,7.6,46.26,9.53,49.8,8,231,malaria
2023-08-20,37.25,32.86,4.84,2.42,68.18,1008.79,92.86,36.4,4.39,54.05,7.71,44.01,8,232,malaria
2023-08-21,26.66,22.1,9.2,18.19,92.09,1004.09,91.22,24.25,4.56,40.32,7.52,52.86,8,233,cholera
2023-08-22,34.58,27.72,21.51,18.7,73.16,1015.71,49.37,28.78,6.86,41.63,11.85,70.3,8,234,malaria
2023-08-23,26.31,19.33,1.86,14.58,83.16,1007.24,93.19,21.8,6.98,39.55,10.86,66.01,8,235,cholera
2023-08-24,30.85,25.66,11.57,2.76,80.34,998.7,44.33,28.97,5.2,51.43,11.65,67.27,8,236,malaria
2023-08-25,29.25,23.8,7.18,10.17,75.28,1014.06,70.66,27.23,5.45,42.98,6.87,64.69,8,237,cholera
2023-08-26,25.58,19.8,3.03,4.63,66.57,1000.84,61.75,22.79,5.78,40.31,7.26,59.19,8,238,cholera
2023-08-27,29.95,21.64,1.55,2.43,58.19,1004.63,95.43,24.8,8.32,43.46,3.92,55.9,8,239,cholera
2023-08-28,26.15,17.07,2.09,13.0,87.81,1004.14,37.72,19.6,9.08,42.03,2.22,48.78,8,240,malaria
2023-08-29,31.07,23.63,16.86,2.32,76.65,993.1,22.11,27.01,7.44,50.74,6.83,44.14,8,241,dengue
2023-08-30,36.0,28.97,2.92,4.5,65.1,1015.61,33.18,31.03,7.03,50.34,7.29,45.2,8,242,malaria
2023-08-31,28.44,22.34,2.26,3.8,87.2,1002.95,71.88,25.52,6.1,50.56,7.35,35.89,8,243,malaria
2023-09-01,33.01,26.02,2.52,17.18,62.13,1021.66,47.25,28.15,6.99,37.48,2.57,31.24,9,244,dengue
2023-09-02,30.74,22.44,4.73,5.8,80.31,1024.16,44.85,24.82,8.3,49.18,3.17,32.95,9,245,malaria
2023-09-03,33.76,26.51,7.02,19.97,85.1,1020.24,72.1,30.08,7.25,43.86,4.76,38.42,9,246,malaria
2023-09-04,26.46,20.37,7.75,5.63,58.13,1017.58,86.84,21.86,6.09,37.7,6.5,44.08,9,247,malaria
2023-09-05,33.93,26.81,3.94,7.13,75.21,1008.6,84.45,30.18,7.12,49.76,6.24,31.16,9,248,malaria
2023-09-06,32.56,23.87,11.28,2.9,89.95,992.64,39.74,26.96,8.68,56.21,7.66,39.51,9,249,malaria
2023-09-07,30.32,21.06,8.08,11.63,90.06,1021.94,41.28,23.45,9.26,47.9,7.77,45.33,9,250,malaria
2023-09-08,32.14,22.44,8.68,2.15,55.37,1006.12,59.07,23.51,9.69,44.91,9.35,51.49,9,251,cholera
2023-09-09,33.93,28.17,2.24,7.42,61.69,1004.25,38.58,30.77,5.76,45.09,6.33,48.99,9,252,dengue
2023-09-10,32.76,28.24,4.09,7.5,90.86,1012.45,81.61,29.66,4.52,53.49,5.0,46.06,9,253,malaria
2023-09-11,35.84,31.79,5.45,13.09,70.01,1024.45,22.43,35.79,4.05,45.78,3.93,43.76,9,254,malaria
2023-09-12,33.11,25.75,4.67,8.38,81.47,1024.98,41.05,28.48,7.35,50.13,4.74,44.49,9,255,malaria
2023-09-13,34.05,29.07,4.37,10.21,70.43,1015.0,25.56,32.98,4.99,46.15,4.83,37.57,9,256,malaria
2023-09-14,25.19,17.58,1.88,16.27,90.5,999.91,55.04,19.64,7.61,39.66,3.64,31.37,9,257,dengue
2023-09-15,28.33,22.05,5.75,13.94,68.67,1013.93,21.57,25.26,6.28,37.24,4.0,28.44,9,258,malaria
2023-09-16,35.57,25.84,0.37,14.42,90.36,997.24,93.46,29.29,9.73,51.3,2.67,26.58,9,259,malaria
2023-09-17,37.73,28.44,5.8,3.91,59.49,1000.19,69.13,31.86,9.28,50.62,3.97,28.28,9,260,chikungunya
2023-09-18,26.38,21.89,19.96,14.79,61.77,1019.12,65.75,24.64,4.49,32.42,8.71,42.78,9,261,malaria
2023-09-19,30.56,20.82,5.21,11.3,84.44,1009.49,94.32,22.96,9.74,46.52,10.32,43.33,9,262,malaria
2023-09-20,31.03,26.5,1.11,11.8,76.29,992.66,75.86,29.37,4.53,43.94,8.76,40.07,9,263,malaria
2023-09-21,27.46,20.64,8.72,11.53,70.82,1001.28,68.83,24.46,6.82,38.76,5.01,46.91,9,264,chikungunya
2023-09-22,28.7,22.52,6.72,8.43,84.18,1023.74,32.45,24.2,6.18,46.57,5.51,47.87,9,265,chikungunya
2023-09-23,30.44,23.79,4.89,15.94,56.35,1010.76,34.94,25.83,6.65,33.88,6.77,52.39,9,266,cholera
2023-09-24,29.52,22.71,2.66,2.6,73.81,1023.41,29.25,26.55,6.81,48.06,4.75,49.25,9,267,malaria
2023-09-25,29.03,19.43,3.89,13.57,66.01,1007.75,82.9,23.08,9.6,37.32,3.81,33.18,9,268,dengue
2023-09-26,33.98,26.77,1.11,18.04,74.85,1018.87,52.17,28.08,7.2,42.05,2.55,29.08,9,269,malaria
2023-09-27,25.8,21.49,1.73,8.07,83.72,1016.0,24.07,23.15,4.31,43.78,2.24,29.71,9,270,dengue





